,0,2,4,6,8,10,12,14,16,18,20,22,24,26,28,30,32,34,36,38,40,42,44,46,48
0,0.6090471076993127,0.5029333735512105,0.5006905757615349,-0.09472957120629412,-0.9223204701396197,-0.9842580676226015,-0.6556722108580556,-0.8296129260810107,-0.3667486121030557,0.22908239331352184,0.2639647656784142,1.1889936870831945,1.0126452312289473,1.1644076483158017,0.5362113456419957,-0.10758547780807418,-0.5324081227200743,-0.5748795993088185,-0.9207098260236618,-0.9769858540207395,-0.8912121347297053,0.6706801529654248,0.18091530295845804,0.7995418457667577,0.7563399420894474
1,1.5028404420886003,0.7593064138174929,0.6714875142677802,-0.5507463538000589,-0.8618566322882186,-0.8878581700883579,-0.6543758008094052,-0.90782351579024,-0.5989947121310154,0.16790981216947978,0.43499706436397323,0.9845777035843812,1.089600927205757,0.5018124067225237,0.7785684373863992,-0.2138193164974218,-0.8862667712100611,-0.9513235264701754,-1.3579213801592727,-0.8134183480845238,-0.573382274925099,0.3257015158993132,0.09656345612986794,0.3348768973866859,0.9964444140039346
2,1.213464057953334,0.8325825966173237,0.3509418216802871,0.212200726801739,-0.4902555210863218,-0.8036587460713875,-0.4719187448030583,-0.9461349918481683,-0.4564482145539111,-0.38110227339543706,1.0360862255246346,0.5175567316311331,0.8422040652744829,0.7438799645397612,0.2215468304768587,-0.07448549472219756,-0.621357763896361,-0.8952841520313701,-1.107858317141607,-0.39664811456303084,-1.02692196845591,-0.6418837989264,0.6486585193534238,0.5683919534148709,1.3857110125869467
3,0.8314748195967929,1.1267451059541302,1.23626343843992,0.44597638287149655,-0.5717779506858128,-0.927825730990941,-1.2836582940420813,-1.0042744019085914,-0.9627964764530657,0.2813541492345358,0.13805722697668876,0.7424181972155891,1.022459280680727,0.6475206699941536,0.23172488036952565,0.2530651001811612,-0.5951245550844506,-0.6172243750410302,-1.3476564768758625,-0.6698650966995385,-0.5149023846402594,-0.018998559837518764,0.40396291132013656,0.6915398395740624,0.7063770200932367
4,0.7063353348354069,0.7188392273485013,0.16072550335148772,-0.5773615510492697,-0.4985240019331453,-0.9572896301917698,-1.4163722662235547,-0.9692899982835518,-0.2646953933518852,0.10447463280472885,0.6620521108594879,0.6206307054893334,0.5089885883377893,0.8631899139884124,0.41830520362500234,-0.25162300115747305,-0.09740167429770213,-0.536099565861262,-1.3715822950296384,-0.7917314132967007,-0.6273590822306016,-0.05089381655597395,1.0925542968954032,0.8699411975225021,1.2568160484546211
5,0.9126507779575606,0.7884379757150504,0.519123115623841,0.4551231701888519,-0.7172875149046507,-0.7682069337618798,-1.1801522846988988,-1.521385308319025,-0.5806202002048699,-0.08266147047578909,0.6828717710722262,0.8630068589031766,0.2978722600995751,0.7774860036294678,0.8241202364221948,0.4242008781441052,-0.6915960261368562,-1.0524968186050918,-1.2338653826089903,-1.8179352227584427,-0.35148787564597406,-0.3700642405416327,0.45780325107654724,0.6536466647597368,0.5881893094413566
6,0.6519471491398965,0.7950086677817446,0.2562711316593198,-0.6628509497942681,-1.1455710009804516,-0.9952011285635026,-0.950656579678739,-0.8433595686961056,-0.7591694028194875,-0.12508841827557726,0.8421585697162917,1.0612313811005736,1.7330247306557551,0.9106501676652754,0.668299508782799,0.23263120904994322,-0.5080404476359538,-0.7238881926776733,-0.9582158022740536,-0.7753523155991453,-0.6170276682793653,-0.00338691415981448,0.2658135296292436,0.4913952223383853,0.841529337751807
7,1.3436141454405237,1.2032320448576126,0.5885057877142058,0.10299798808787348,-0.42840771586394716,-1.2026210341506578,-1.102510884697662,-0.6899756035268111,-0.39153592566766837,-0.31094425680427684,0.4020211065106615,0.9498840319450643,1.0351251142958007,0.756710279199018,0.6056374798019736,-0.0004530791796585719,-0.17860180664802833,-0.7749021931712906,-1.1534842886964654,-0.6835042627629132,-0.557064283448485,-0.02190195395827627,0.7354349196896335,0.9383446492582285,1.2185084305115428
8,1.1629834241782184,1.3204962094982813,0.5245378194525684,0.1508748860373145,-0.4306526741624427,-0.3274998778560302,-0.7919033155601682,-1.0085440023595142,-0.8118159852426923,0.7522119921216904,0.8485946725624995,0.6467390684390131,1.0139354290646745,0.4838225370435589,0.24604305288419792,-0.4841102069351328,-1.3348960938728713,-1.1801920940155053,-0.8083526748212615,-0.4581347468676295,-0.6818597379608177,-0.524568859312456,0.11356062545486029,0.407548532391431,1.621040101328166
9,0.8909266851489863,0.8969631721245772,0.503860776749939,0.09019980714112831,-0.45481619793429295,-0.8662325616833797,-1.200530158302855,-0.7923992642762068,-0.5841036604588693,0.033885472377272796,0.8349339069543811,1.204096502264205,0.5660610302979984,0.5863696570071228,0.21848128765353148,0.9736726105534765,-0.36140344821903936,-0.9452946774924641,-1.0564492533442047,-0.3518638314753896,-0.6778993673446726,0.570146388578295,1.0428868747235804,1.1987118393092304,1.2714061561244059
10,1.0481676826908812,0.46564492792620443,0.34923222507650364,0.22645292038052667,-0.7821589495314785,-0.2573497011397945,-0.9991854344090327,-0.06663676198822,-0.5639017458003148,-0.05515910136172065,0.8314664054174647,1.4192830093578457,1.0402783122278005,1.0742694683810352,0.4732050519649051,0.30927008588264643,-0.19635428320737264,-0.7390256393130816,-0.7255962588396515,-0.9373668908919219,-1.1126238321080666,-0.15476193679495057,0.196148637237543,0.9843657770945744,1.6451510259971562
11,1.1304599223550356,1.0859052441586527,0.6694780265954523,-0.5028177627788032,-0.18190569599363698,-0.9814645351083534,-1.0148745446758007,-0.800344349752817,-0.5052089555921434,0.07905053148381201,0.34962318353144983,0.7990061347367136,0.7693282369824503,0.7619133507122388,0.41167389694817835,-0.12649112132797483,-0.39342564431483973,-0.7724726401498297,-0.9937339681494703,-1.1933905815845387,-0.5158437678288565,0.030575602582333387,0.3944680501386686,0.7282217468524111,1.0721883304677031
12,1.028423561907024,0.5258016998914508,0.35451241826939695,0.2908588750476016,-0.9728650393557978,-0.7841510303068951,-0.9405833912608599,-0.4780292022152233,-0.6865963620775445,-0.32495302999519987,0.22994342367886633,1.090959627992822,1.1367993283766809,0.13265529659030362,0.950948783488492,0.3921751868621348,-0.24526373999599266,-1.3563211892271776,-0.9943617150186748,-0.9630276726697454,-0.5323226313003667,-0.23680763253131423,0.10300129009946468,0.9351184309713556,1.1417251208798886
13,1.392110771318461,0.6519059376690122,0.4315475068589219,0.18387791611658635,-0.8360322253793706,-0.7574076833670457,-1.0783896665877257,-1.105264768976922,-0.6504923433314284,-0.3348485372363388,0.4982098934959406,1.2001892091155895,1.0548302939029126,0.8474784718488022,0.8303363687630895,-0.2140661165966548,-0.9493142754339652,-0.9363214053717891,-1.1161051820601775,-0.6902001139897668,-0.11089440555383229,0.15828145129973475,0.6816517526415664,-0.06113168620707832,1.1532295812121456
14,1.2425420815729822,1.0794019494374283,0.39544821867760016,0.012312833852467025,-0.42827868525267615,-0.7091793361104275,-0.6852079259015075,-1.4904063659991764,-0.5043331738057566,0.30313495681501335,0.604711700368137,1.3477303142247414,0.8427824455707404,0.6057317659031948,1.070014350631858,0.22974420575781676,-0.2756078645338689,-1.4502385463607674,-0.690953802706342,-0.840358153133202,-0.26724944551943747,-0.7445947861509532,0.31916311499966044,0.553743119722852,1.3974606097046038
15,1.7680255872981665,1.336116266264396,0.4696734019586922,0.23051081187344055,-0.2701714728976978,-0.6873891123573083,-1.233481763282278,-0.6162568472972003,-0.3622725970467101,-0.09340294069527796,0.7895885322622263,0.9880077128671182,1.0015533362580777,1.5092623172262023,0.2090726573625195,0.48031422364499204,-0.46150304199914816,-1.097485040882078,-1.0444388449962294,-0.8174396388854083,0.1506442643233838,0.080472153775276,0.5140755007232471,0.7350344902166341,1.0018081562454328
16,0.9063549786553655,0.7042218735202807,0.8244598592185823,0.35214363767244206,0.1260675199131185,-1.103377820625285,-0.5527492993968548,-0.712652533397641,-0.4026797578001076,-0.01521180009119302,0.6861191666230348,0.9578836759809981,1.8586139388601615,0.6255283009618184,0.6276331105039713,-0.09069089367574729,0.29322216672386203,-1.0367164531344955,-0.72137342722107,-1.0287662679353748,-0.7387284605420308,-0.33603529641843605,0.8921839659241291,1.4552159866407253,0.8419830317616763
17,1.0055217750734915,0.322980721139583,0.2345719226900304,-0.08620349172978577,-0.7282935189701011,-1.131623010842836,-0.888709526978092,-0.6555543258435772,-0.22373481618492919,0.08152078237493424,0.8182873319292839,1.030840590608532,0.8419293470813384,0.8744916424959982,0.4188942029591168,-0.18402298505989734,-0.28075958410902646,-0.3821588230556308,-1.296367396313054,-0.9579660058893457,-0.34301483316947645,-0.015159112840763498,0.3958523018863315,0.6951909793212147,0.8302449620197612
18,1.082182810338541,1.1917950850877872,0.6864254451835261,0.6772862192809083,-0.7133871610868983,-0.6767007740857992,-0.5022274214240872,-1.0786895937369594,-0.5714384598449965,0.292266602971403,0.2483709247051193,0.8774946031207581,1.4697375266564996,0.9637090594604807,0.49512560823801954,-0.17674304445541406,-0.45463124985634584,-1.0298926844966492,-0.9703433066456314,-0.668225409960884,-0.48461485896322015,0.04111333227373301,0.45949500338336613,1.2161588784471276,1.2942590193359385
19,0.8489842831508905,1.0674249406011769,0.336625145966301,-0.302652642765261,-0.8819616887848143,-1.2522520384008091,-0.5108778836315587,-0.5821461971442414,-0.6763181891291207,0.10246437525868243,1.0293486772732368,0.3964170886456605,0.6138364855909815,0.9162396920227773,0.42905071489911945,0.016965357223284367,-0.3908365193008623,-1.2239110861329636,-1.409525899657579,-0.729583850477298,-0.5844018207522639,0.36641819746549414,0.8889320999830932,1.1138869716791764,0.8330026416070304
20,1.5472621214175524,0.9173764847217054,0.360145669987041,0.3587722836771009,-0.4191550189698414,-1.3988804104913348,-0.7914298559386973,-0.9808659233753719,-0.7965846643297922,-0.2764413653457156,0.4872154750046213,0.7649190443155649,0.6978730404267988,0.9950686677899114,0.7514646360466568,-0.03851566853332475,0.3077138847883235,-1.0991523680541637,-1.1825191694083506,-0.5440381632586087,-0.6202352492268176,-0.16627463054101957,0.33676489307468555,0.9284703389088387,0.3858109839178615
21,1.3891516015597454,1.4379811139669862,0.30608261862986463,0.04674074052905866,-0.5631241601955171,-1.1647921038301807,-0.7252233514131475,-0.6484406888327732,-0.7318429714790233,-0.3766099061252615,-0.08201749499358413,0.5690686256752928,0.9124377658786963,1.0119448524207235,0.6149992211103806,0.4035153564843627,-0.42801257352651334,-0.8503039547478771,-0.9959257986159898,-0.8566745832080125,-0.981790976591808,-0.21110882995168032,0.5249587360318176,0.6331428166827283,0.9310541527590896
22,0.25872034500429697,0.7361288109187553,-0.0058208943397262125,-0.5801568277316915,-0.20368769721649338,-0.8594975489231493,-1.2783718907038817,-0.5727488569976085,-0.8437622258136521,0.07850121244406044,0.06993861634790283,0.6987567433047401,1.6272587412468156,0.7016734908779827,0.609833667414787,0.3384254930171484,-0.6139752931838401,-1.4353431540543387,-0.7940900661972803,-1.036114182114928,-0.4344530158650627,-0.6586160695239719,1.0391684744210457,0.6847826251091688,1.2383203459456926
23,1.1153022549268135,0.8084911077870857,0.24011542542610076,-0.37844973226334905,-0.34260367734190733,-0.8892561838554859,-1.0313104464665548,-0.8155705600092125,-0.6930447750746284,0.05361204302436047,0.6909088335490895,0.9995853096764076,1.3887847091160834,0.9478300490918313,0.026361077157031232,0.1287697555898649,-0.40825736262200435,-0.5122913703471947,-0.697656377713719,-0.9757686507848659,-0.31506940799075167,-0.16542674820151199,0.9060470255642654,1.2290639989373608,0.7994919018484634
24,1.6296242962552223,1.263350613170485,0.3953545126575594,0.05407352418715344,-1.2858360893287966,-1.1288453307683182,-0.8518468494000759,-0.8923005135375857,0.2504057579431954,0.0612836097497729,0.39475692076257873,0.7099378589206831,0.869455491333547,0.8594049028273567,0.887730336186743,-0.4038759851053005,-0.3801764676411837,-1.0066224964227808,-0.8272627571949637,-0.6881958176530543,-0.061081111168132585,-0.026231762937522513,0.570659855855104,0.7224211950336771,0.7725807853815627
25,0.6273408506918052,0.8363232958312202,1.1543469522725143,-0.02191941164364199,-0.35264707227756065,-1.2298901990630111,-1.4863193393997738,-0.8585676780087971,-0.32756276701243947,0.07063854490801343,0.11033234549419813,1.0817556218872253,0.649928604999807,0.9062289156304504,0.4432678357163908,-0.15631177154202258,-0.5782811296386743,-0.376956274224383,-1.1912261109944673,-1.042782951870879,-0.46038471077633364,-0.2132775100498752,0.6791689958137235,0.8632878045149205,1.3749661675826101
26,0.7182788596194227,1.341313383750653,0.7252119460441373,0.06028264192223524,-0.30253756752192107,-0.27614240023115744,-1.0110661654246422,-0.6488672044866156,-0.36861059412425246,-0.12663449445765956,0.310629079534281,0.940619145103418,1.227782871538966,0.8828637958144049,-0.025700191823081642,-0.04982874739843925,0.022113472526565592,-0.4001379295897273,-1.0537856350390982,-0.8425003108296657,-0.6218798112522461,-0.3076092886615723,0.766004657301504,0.9954860368124544,0.38114149596092306
27,0.8183882022331543,0.6438541324017198,0.6195000742901151,-0.07932801749007891,-0.8939523746225423,-1.0558706205416313,-0.8695207080561581,-1.0201430428457734,0.1739181473152258,-0.007669216669432294,0.7322402711090463,0.5877301244002479,1.0294438209522994,0.8650711999447611,0.8500211138855782,-0.04526291756004954,-0.40075304536632034,-0.47027950852486017,-0.6528551728006113,-0.7851113108323561,-0.5096697350326297,-0.28918397901640197,0.966816466855422,0.5649028852297399,1.376480116311795
28,0.9125715123603702,0.8169910766135585,0.46908019604569606,0.01478477964989758,-0.46413041516994935,-0.8366730627093255,-1.3666085754304724,-0.4818534464337743,-0.5542141505155495,0.3734824493949369,0.41271619787806474,1.5947343555251694,1.1639478062912705,1.0413709663918655,0.34895247751171676,-0.30843553419495495,-0.14812618094207963,-0.41625113043960993,-1.3078878516673063,-0.7661454108573311,-0.7149331947365215,-0.047520922103110874,0.4789974842091106,0.6117187302497813,1.5013507057163022
29,1.7561959939702962,0.3984532804416856,0.5002409296707558,-0.44246665005248204,-0.3487957531319287,-1.026169147268529,-0.8894075053104361,-0.9333922383601013,-0.32036170511443873,0.1881860134244652,0.5421047186453469,1.1405222431496271,0.3658969650987799,0.22374085571368574,0.7178364902034223,-0.21611544059263071,-0.36948821568231305,-1.3840133614596766,-1.455621107962935,-1.1172344442791888,-0.6335147489833367,-0.398265574486912,-0.048207257200228115,0.544038022242515,0.657935386057303
30,0.881685876017626,0.6328833744289262,0.47784707749170163,-0.3069857264792779,-0.46189446436505727,-1.434123378041417,-1.3417321276722045,-0.630210714938457,-0.6694422670876413,0.07685985380298804,0.4622449373517152,1.1986422341716245,0.9513702197145716,0.8569230487545961,0.6522892522528059,0.20846532359518508,-0.2604164963754322,-0.3861709863072006,-0.8208665826058281,-0.7703931351322318,-0.23298880627138552,0.32002827704321896,0.8794451529307611,0.4646047958527643,0.9794054980995253
31,1.2539659797843326,1.1286612621907994,0.3612974929890759,-0.07278712980564374,-0.919975320459536,-0.848324690349492,-1.0873140254943245,-0.7985886076920962,-0.3580302418987925,0.031762178452900545,0.3478478543759458,1.3230786086666428,1.290765748517504,0.6898727401405503,0.04915520996126971,0.18644087669759168,-0.501279872764212,-1.0205591846896422,-0.7008184316140771,-0.6375831902640969,0.14334802264528917,0.0785237350578745,0.6135694711042732,1.4353725843399152,0.7923542315544108
32,0.978105408739053,1.0084360390395721,-0.06509758623178319,-0.4014354559393537,-0.8679085040799814,-1.0376618477851247,-0.8063044259707504,-1.6734810474143953,-0.18520087677961955,0.22752177210325683,0.7001376257768636,0.48930252184902967,0.5857019935402475,0.9009804274605862,0.5173726121095351,-0.07313017539051413,-0.5670005311760578,-0.7994360979280885,-0.9948010370951696,-0.7616220569950563,-0.30450908033575536,-0.4633861395552243,0.44276924011519037,0.9265042499969517,1.3379293414194002
33,0.9355539448208399,0.8546550073451108,0.5744858585066669,0.5667409933315056,-0.6898588460865139,-1.1223940950695495,-1.5719611167985406,-0.46011494281719395,-0.01666607210005716,-0.23719234204618356,0.9455731178132504,0.9943308484604367,0.6934526249821594,0.4572524489071637,0.7627740622290518,-0.05098668072823037,-0.7226922788693682,-1.2913208891361903,-0.9656384254716815,-0.6825861559402603,-0.6389428455256095,0.15794128816047678,0.7343172526363793,1.283733613409118,1.0426199289189824
34,0.42395700877798614,0.8017135635337823,0.4227093144731532,-0.04592100124427015,-0.30697257553638496,-1.1896237230821567,-0.6272650398548942,-0.5191633602030823,-0.8749275910319639,0.4978630924845982,0.5246874044487481,0.5449295444729718,0.9399470800541366,1.2743559549699324,0.894986177969545,0.4200796647324225,-0.4856963063902313,-0.7365402572351237,-1.1028637516825397,-1.0002546024005963,-0.5354980554204668,-0.33215507129307625,0.344429662161732,0.5886979765047582,1.1138257625559085
35,0.8779227541541452,0.769513894183801,0.35588255955303094,0.7814222770306002,-0.4626663750295917,-0.6413730813957811,-0.9826610952573132,-0.9164969981448713,-0.4473626297556101,-0.07566460843130979,0.9954748298957512,1.0637776351279076,0.9093328858239439,0.7017624901912531,0.4638022976608191,-0.34497334940873015,-0.7810930944275851,-0.5969961844770516,-1.1954234013125318,-0.893462304284848,-0.22499604719358846,0.05692899975874343,1.1831447009223914,0.9558069129339837,0.9308832102318528
36,1.0520349680795686,1.1182135046332211,0.512496273105052,0.1478136297860523,-0.48846026422277555,-0.8654119922408139,-0.7602304508067687,-0.47484714306577275,-0.5998535460600234,-0.38189233371582276,0.5191446085053141,0.5714667313266064,0.7909514825086623,0.758052013035056,0.13867676719073085,-0.4176578427914151,-0.9097681809615552,-0.9394277713472367,-1.399186205877806,-0.8419607492237583,-0.7446342261658163,-0.6049406248300041,0.18767795187827574,1.225371103329627,1.9274426310544905
37,1.0376191078613377,1.1773487803640634,0.3955179343051534,0.20637000046047665,-0.038533140241754804,-0.8167428858267882,-1.4780499431038945,-0.9936678096647988,-0.505601404931272,-0.13554474037783973,0.7076170392614128,0.8355833303761074,1.9151418892687975,0.7588447339424835,0.516679114761933,0.19428842151154752,-0.03553278349690553,-0.8293502304130496,-0.9753954956408354,-0.6313598273440835,-0.25249891457416246,-0.4276303206606139,0.2787174562156926,1.2682458675940231,0.9273383551429807
38,0.8377781302714561,0.3460063749769281,0.3370645358319,0.08775518628493925,-0.9412490196380114,-0.9275317776219267,-0.7217365076637352,-0.8509748786920919,-0.33228402613720487,0.06570845721193197,0.38472422074982204,0.7671323641759706,1.4214700418879236,0.9293400036685517,0.5812122695414537,0.090880413237974,-0.267834037566373,-1.0802405663272852,-0.5232718035346895,-0.3291858098907987,-0.533468719642048,0.06545540153223194,0.22812156255295346,0.8449580902566084,1.3908631516819532
39,0.8509061995409282,0.8670907911976835,0.6787640644146856,-0.21022533865166573,-0.04207451433113374,-0.6706806127150744,-0.758304107140666,-1.2088423332759033,-0.22063292416006786,0.2435507410090904,0.4348057965600327,1.0262833960924675,1.3153477523964185,1.3076580818234333,1.0467298453328429,0.2196455481135497,-0.4597330474756296,-0.7323642503391387,-0.8365425930858932,-1.1418883442484906,-0.40695016203396356,0.17063052222524533,0.7619796029410046,0.333659141765815,0.6215035821292001
40,1.0303744801295025,0.8537549007047397,0.6949849757526654,0.4705310138233512,-0.315755031954273,-1.5290472599446168,-1.1673243082510392,-0.6374657693989281,-0.7128254124831633,0.21957734771354934,1.0003630146285587,0.8708088377606987,0.503034586183323,0.872863306569533,0.06338625942725912,-0.19950506506909466,-0.9130546677441658,-0.6832785657179455,-1.0746275425431484,-1.2920689727083152,-0.7876665255775657,0.3319490577960558,0.7254339217996431,1.0321875858764102,0.8692275287741728
41,0.6120033544053296,0.638544827398926,0.8811796868827444,0.4944598046730952,-1.0654686916747123,-1.1941906653095697,-1.2757880776303823,-0.9752750675388213,-0.30186140033980513,-0.2908373442786766,0.8946605323199699,0.7503487434265528,0.7301815965548355,0.5001278739037143,0.1703632656573767,0.03963318304524801,-0.8121235599374332,-1.021539130881827,-1.131341276077119,-0.8628643498105943,-0.7857434518597581,-0.887011398871422,0.24834207395768954,1.1850335799492036,1.4854512193287241
42,1.6696566851834607,1.032616015680461,-0.15616070716427188,-0.3646712915085413,-0.5805760683463185,-0.861845962619681,-1.2519987943507638,-1.1794786261844252,-0.08272847605440065,0.18619400051600402,0.6071469533168801,0.6527993303924505,0.986491855726526,1.102148644566896,0.5095373120627313,-0.22594686426933444,-0.8220698590841484,-1.0263897742864097,-1.2047308915988362,-1.0367438408122274,-0.3734238589708694,0.1395694987059868,0.2807612824013647,1.2763665808499338,0.7604392303289025
43,0.9635052391429723,0.7838777208175021,0.39420746997549416,0.7205645938579331,0.32748603034584045,-0.7643470489019173,-1.0963884113236104,-0.834539811954583,-0.3834674835928332,0.4149199122293421,0.42202928140729856,0.795095041060112,0.9333345744601679,0.9528416700964175,0.4940147306718521,-0.04695398855008651,-0.2638521623310276,-1.2246435234299635,-1.1120224870031645,-0.6895147635920731,-0.5338122459167034,-0.005994491494833345,0.7322893144325071,0.7272962757993233,1.1680878976231501
44,0.768773817063925,1.0231481609843347,0.019374868632580866,0.04728616122961502,-1.1117507789575116,-0.7096249802435184,-0.9590008733013485,-0.8795011916222498,-0.5701437987413688,0.049723827282417636,0.35368648694769733,0.3454510669233285,1.1607831478437318,0.9706551206532208,0.6856272987380968,-0.006238817510941642,-0.5914498362518109,-1.1039520167153767,-0.8823631041542102,-0.47455638610759115,-0.44779797112227915,0.13150478294034404,0.22919100823360944,1.1686079198108041,0.8734761286261726
45,1.3155779545404878,0.8147216900741633,0.684132483833193,0.2842462316931115,-0.04562135994029093,-1.1334471917480298,-1.2410229373866233,-0.5819178800636671,-0.4014493044573439,0.281326921027122,0.44245626220603124,1.0638821391371966,1.325235114009562,0.7848074839150615,0.37529230389184,-0.06958115590810882,-0.8185304205784036,-0.8549173409775181,-0.936380901003463,-1.3228830875613347,-0.5429726638464588,0.1285129478349144,0.48830008418414217,0.9427118056622565,1.0456711815483695
46,0.5252285219040436,1.2568458551417026,0.9474969952781698,0.23569139657580435,-0.6837218493021493,-1.0440012785086596,-1.2384345678752577,-0.328325998236345,-0.27955415478735834,0.44627223395946547,0.6891212259756294,0.9571756589051599,0.8637537307505911,0.7904511825074307,1.1036919645802825,-0.03432265206363604,-0.6317674399193511,-0.8593007808948265,-0.754090311937097,-0.32847415784135203,-0.6532762518139027,0.41513799411920765,0.3603765830348732,0.988399606477457,0.8042538356446393
47,1.7260395312722983,0.7877838056836403,0.31138734051380634,0.051747684302055626,-0.14590042360993843,-0.43572840315135153,-0.985085680243743,-0.1359319877958831,-0.32408436114256045,0.2747353057196252,0.6476936260444092,1.1276623074881476,1.0095360712087722,0.7687180892325075,0.24953182659697293,0.07984484701725715,-0.5024466814500862,-0.8025751003254022,-1.546093039213968,-0.7329522944838951,-0.37610625136845677,-0.11540889194411941,0.4906111831403548,0.4556211099412102,1.1321005620365268
48,0.2620261456795625,1.005105700415922,0.8734272898822582,-0.34971236053455257,-0.5226576984084507,-0.9775408663196699,-0.9102557745002242,-0.7666541064475008,-0.6215071762422402,-0.27228143831542656,0.8517015045741173,0.759017613257438,0.9424644565848331,0.8574722471498112,0.6156827782978377,0.2589862495242558,-0.3382817571896732,-0.7049160988420118,-0.533674898010134,-0.8067105602872547,-0.19534589152712367,0.2530511235084693,0.7758312935087783,0.8934942913057267,1.0274851787613104
49,1.416486525158151,0.7558890428062796,0.2955889816957328,-0.12683210811285764,-0.7504953411049413,-0.5099010933230965,-0.7461550867695461,-0.8802413410145008,-0.7818408947616369,-0.32766007249663354,-0.3624427546896437,0.5612623647457329,0.6738401607435189,0.7765114207710402,0.7043148982708745,-0.09183262146000112,-0.5922344028529232,-0.7719382091194085,-1.139446869672696,-0.6998432695903465,-0.7407670350116595,-0.03792824968725241,0.37509070509905634,0.5823921056436205,0.20845903131142407
50,0.46562474331243864,0.5791098388707431,0.12872085487047358,-1.4358005689823363,-0.23242666398872333,-1.0594035434127955,-0.7148558210568509,1.0475874909584548,-0.16053474405367452,-0.3975268852916206,-0.7019510016817112,0.44113937450226387,-0.890885705495106,1.3747356016221006,-1.0013336912024944,1.0728500885420873,0.8382233167139682,-0.23035540582265743,-0.012598690416602054,0.2659523614444922,1.0342585448260877,-1.1756295058039672,0.5096748146208647,0.37951835099603726,-0.8909473171941553
51,-0.9114643968249513,0.6161176023556046,0.19246238167809598,-0.8453550133529066,-0.13556353584918682,-1.220282285319262,-0.42274366984964246,0.560131492835386,0.6549926176183771,-0.24373261523341078,-0.6478041359648515,0.49131294756520383,-0.2093846092170069,0.6531343711547608,-1.1430915777354342,0.5635142186370636,0.9502340379922084,0.1887171697579746,-0.1119324883103453,-0.1534836423475809,0.6866374423408366,-0.9236032188984007,-0.1948579144607745,0.6157313743215038,-0.09365455842791892
52,-0.1418394672140348,0.16839474268912036,1.2184151276275936,-0.7148926443733612,-0.12599062322011625,-1.0033363776854856,-0.8270360759414623,0.8504660307673019,1.2471259946054971,-0.22916658830328945,-0.44105491973323036,0.26450434458540945,0.023670486794435397,1.1811516562963202,-1.3654548788661116,0.41197992499470737,1.162448112091687,0.5687208246419099,-1.1323936481450467,0.010936692882552508,1.0935210235509631,-1.066608556247813,1.0991568100145663,0.9418808049614265,-0.7259538808266477
53,-0.18287009134286542,0.7785672285625069,0.3892603464687031,-1.1803525831800243,0.5424630268226897,-0.6390797768237162,-0.6792329736074461,1.0812721966875065,1.0649630218380743,-0.5918088590467587,-0.893742284139641,0.5415966433684928,-1.070823691696563,0.9999991993267947,-0.6192559735114225,0.140832454478787,1.09269609102239,-0.009604959210437967,-0.46157340536502633,0.22827546854573352,1.06880452452834,-0.6867500208470708,0.32971698355664303,0.8047676150616345,-0.7516765673925763
54,-0.46573141303019333,0.8202995678881488,0.5632494068919454,-0.7703064788331164,-0.18178510840318376,-1.1001814132780654,-0.2811324783139646,0.7901397133006571,0.9113908930042802,-0.6260390748108132,-1.2487769949999286,0.5482056913396258,-0.5763428156577951,0.8769973594032693,-1.5893233072612214,0.7489447762190063,0.6944696922964464,0.8531916836584673,-0.18335010625083303,0.4800261008142923,1.3273067846645674,-0.5362970742719767,0.9462080935566053,0.9770785815949737,-1.1176145919343248
55,0.2625882298492096,1.087656663198032,0.6813787869310589,-0.9079643532724085,0.008086315241056796,-0.4701486515897539,-0.7366228942685407,0.7233047999280595,1.4388545758225435,-0.2564197430699046,-0.6105488953740188,0.07314642112497038,-0.39447269099101173,1.023230770019609,-0.7137011170114719,0.6441294684035417,0.8414121464825706,-0.25007439355878264,-0.3822834610389503,-0.05279863845465845,1.239044406883478,-0.6473215455300623,0.25936546237821034,0.7665674683223384,-0.9140937570881257
56,0.3573324448969412,1.2369610624743546,0.22922540029632327,-0.7573396563277248,-0.41867911721895623,-1.0671335927614243,-0.18877796069007702,1.9352421631488803,0.8835592479212527,-0.6080666068434988,-0.7733282571199734,0.3671609509000557,-0.1377719121181153,0.6708327229389155,-1.4032819410605,0.9356167126640476,1.2525874079358088,-0.3619122417975229,-0.7201018318551567,0.27680609902182235,0.747497348977531,-0.7975355416670988,0.8598449202298419,0.7769568459796319,-0.9012619377883714
57,-0.13230465583248127,1.0137406330597014,0.695720724762471,-1.092988737009477,0.12846431317751816,-0.7702816377561537,-0.21604940044900178,0.7763295529196481,0.6929677375697673,-0.3374277925995097,-0.9618551399908378,0.740692201426328,-0.9643206259674907,0.6978967071350485,-0.8339643257592042,0.4415420887421273,0.9163276838967223,0.33214658827849575,-0.5994868189681819,0.18834989789030454,1.2940620412531032,-1.1965729101839737,0.37865463623466145,0.843620465078701,-0.7311220614210144
58,0.41124297926411635,1.1251164422990763,0.3156157015996068,-0.4325688001905633,-0.24437863657898548,-0.8471273561312875,-0.4967568546501054,0.8621790829515592,1.3589793625187978,-0.2686197091914772,-1.3891774941787736,0.7720219857018249,-0.6502075081910189,1.0394653892391066,-1.1348374726989787,0.5942005369197968,0.4252178649326893,-0.3281389524105068,-0.14912576253083049,-0.15086447792164936,0.8166711254657987,-0.8925614356849662,0.767663881462896,0.560438540790856,-0.23175969376867633
59,0.2904896558939822,0.935010072987741,1.2244764334692144,-1.1457583602398418,0.3905897909228843,-0.967437580784274,-0.18043703068477884,0.802600277131047,1.1668635568636003,-0.22883310101355986,-0.7772317931550332,0.5385136612941025,-0.5710411067548399,1.070406160966892,-0.7951166765106066,-0.18265592687604504,0.6991912287562916,0.40822580173856254,-0.4063560699961446,0.09934699752419363,1.471179884970739,-0.9481828198468487,0.6184208793971092,1.0027633187196479,-0.7866665907937838
60,0.6686552720110884,1.1128858147597402,0.07476779340750012,-1.105167265377827,0.05215805345889893,-1.1609734205107984,-1.1486916980415347,0.7391773459597744,0.9279821608493506,-0.23581591865176205,-1.395230606958335,0.36117254170188356,-0.6120457750093898,0.9530255048103144,-1.061818302490646,0.9433079073747936,0.5937049546292563,-0.14132853365855977,-0.9926627908889447,-0.04092368737791195,1.0580701010388263,-1.02798250476619,0.7673402120591368,1.1665924593138128,-1.0321377740258815
61,-0.04389700296760164,0.7553668068993008,0.7026857919028491,-0.801132273298408,0.07575766201682656,-0.8112958071140173,-0.6864413888298064,0.7940685110002907,0.6381574702317605,-0.8717346054276133,-0.6343847519285466,-0.14582482564150984,-0.6587286711919401,1.3443919888609102,-1.234539500368376,0.656677962407367,1.4232518121382363,-0.36309608410614713,0.11132848632497522,0.2333777174034835,0.7290118119141946,-1.4965728385839339,0.5099069355869531,1.3348023445567407,-1.3271621093057644
62,0.4036782132936339,0.48169221569477716,0.27314851066281237,-0.5544093418044536,-0.2896651348129875,-1.0114353813492976,-0.71149865301714,1.382339181467148,0.8681417802951151,-0.22122296581336454,-0.789487258405321,0.36902871210701477,-0.513012566836953,0.7956640761973766,-0.8280303178402137,0.5649596544123016,0.5701488594064312,0.2031408281514101,-0.8960679906255798,-0.510918894645125,1.0254091790890776,-0.9248896553236648,0.3640405744831935,0.511222037352095,-0.8214908871832838
63,0.22650203998785468,0.6502962712365002,0.9320488243616034,-1.2305942053122954,-0.29823055015651356,-0.7965316749997575,-0.43178723959918774,0.5821918793869303,1.4475899753221113,-0.030936969861974528,-0.670046120588433,0.2658166045701492,-0.3711183765945296,0.7927723423346766,-0.4946157599131805,0.48030114126351053,1.8519781911603879,0.17239210582464226,-0.6634863454601466,0.4689325197936699,0.8563808485530096,-0.5884416285258096,0.6235899088533309,0.8600963554834835,-0.43983257405103554
64,-0.40060811693122084,0.9950988936535841,0.6443805709046235,-0.7460044637660748,-0.836731211109107,-1.0098791974575128,-1.2034386021372177,0.8545209815864603,1.301937417621145,-0.5570285850495308,-0.4580197578948553,0.9120340404029738,-0.41545895663237603,0.39968218097200203,-1.0477311597212327,0.6244972937917798,0.9399828268387423,0.5080042415990076,-0.5462072156950363,-0.22992971805183707,0.5892505975163651,-1.271965394188971,0.16654979761248806,0.6364715280735581,-0.7465562473848703
65,-0.06344584877604219,0.908808804034807,-0.04634708091414064,-0.43611504453299743,-0.136299378997521,-1.0170279206246817,-0.8483236872728337,0.8584505965131797,1.312455963065359,-0.5201391012127357,-0.9533961777121028,0.38544710514978675,-0.3762037685026155,0.8437512125684505,-0.747997998138417,1.0355109586988542,1.1555359307247217,-0.11827495937201464,-0.2857002295274923,0.2211271495178988,0.8961935381605531,-1.0273156628379672,0.6063576742750447,1.264344653449441,-0.7169193553720035
66,-0.18199215515838835,0.4499213129554766,0.009762047042638056,-0.7197913369693101,-0.5945324301012328,-0.5204332071959885,-0.6801427581705976,0.8187194607956765,0.9173150528654247,-0.5888729459148107,-0.4406095284321686,0.487316259902484,-0.5228879882523177,0.7215977002520824,-0.9678659192300573,0.22411116342698428,1.0162071737119338,-0.2589515537034668,-0.12475098041726657,0.08535527416536413,1.7245033227677995,-0.5900795916285024,1.0779494950689243,0.7039958454222062,-1.100099547706025
67,0.7750760442059851,0.7942553052762167,0.44797310356934206,-0.8113241060633668,-0.18847508981531816,-0.9124036575642515,-0.08807712783972271,1.1094693521740266,1.1575261600597617,-0.7534406415708427,-1.1380091610098773,0.5153393901036184,-0.012999561888403344,1.136735812972587,-0.43464746696344325,0.9409522544856319,0.9348386878217677,0.05605707054430626,-0.35189071694152196,-0.28668178389537735,1.0267649876587386,-1.338267349424698,0.37841767688311967,1.092208583480643,-0.6633881794717215
68,-0.2098079212330387,0.8591404081840665,0.8427528291356704,-1.1004671399453605,-0.21476776087406163,-0.5149156427882134,-0.3185227299631161,0.4797937663667546,1.2034459238811483,-0.6279277627293189,-0.6261288041640957,0.4424138616537248,-0.5329828977693035,0.605401079950435,-1.3115617244598596,0.3359683518451965,0.9341633135913908,-0.5526319311179674,-0.6243577243175339,-0.13313728069799888,0.7435247430943712,-0.9962019571248714,0.30867989196522044,0.9973782200203594,-0.5092318414435515
69,-0.7664929975687932,1.4310950244779574,0.4567353045638285,-0.7837555912192204,0.11559144321132714,-0.8678997199026065,-0.4810233371674064,0.3987460519266021,0.9566180191423624,-0.22132692166402423,-1.3069367433338863,0.7261054396357245,-0.45393924874872515,0.9836506964315815,-0.5010444880557321,0.6086697031331891,1.0404910272520493,-0.2836550551844331,-0.7766900208942792,-0.35854249021102746,0.9984904628813918,-0.6184220560452056,0.5926800827131398,1.3253128504996934,-1.0769363809357266
70,-0.24496184593110823,0.6881831804274507,1.3608525104352285,-0.9239406261636327,0.23342094402615662,-0.9904443337718143,-0.5378656503951109,0.5859973989766402,0.8899030568122357,-0.4847680812051313,-1.082360608630717,0.1235746065707864,-0.56417495079952,1.137348547230412,-0.9937952587922493,0.767789626377261,0.7479954923931197,-0.24451995404255852,-0.7370538684140727,-0.10638735624632063,0.7874623896295948,-0.7458576699271227,-0.13974484223145156,0.43172248302462213,-0.9218711734153557
71,-0.20499021985432833,0.6334952960535493,0.6069367372069892,-1.0569217011273164,-0.44508044009526293,-1.401882645530646,-0.4428918584382782,0.8142659606985925,1.8869846921131863,-0.07438452991769168,-0.9682888090970618,1.0493848408418256,-0.6734066146225403,0.8301545653570659,-1.5346920214253559,0.04263312462932334,0.7911110123239622,0.12204428331458438,0.08666995020825546,0.49958370978607763,1.539663028442539,-1.0638644723754747,0.5276872230149381,1.0275951316484966,-0.4887636195782525
72,-0.1181475744754225,1.4131856734851918,0.7231568832926485,-1.064253599105753,-0.3530110700782391,-0.8876777814429465,-0.07903929621462752,1.158759592204576,0.7618496505007342,-1.1170828143585094,-0.6563337640158765,-0.15512159218277338,-0.9459482037370056,0.5428588107527577,-0.6811860691512712,0.7929345133479899,1.0142892929319782,-0.3154597635193251,-0.6733453017673721,0.39363266245745543,1.268699551734517,-1.0787081889804508,0.6638533435589759,0.7744355635935565,-0.9360205546847299
73,-0.17974083052961703,0.8552476160935789,-0.14933043778175303,-1.1687685008115434,0.24286626845592174,-0.8303267185407074,-0.4541186059078494,0.6288686734646023,0.4672433211930727,-0.8019522032837816,-0.8222269623441381,0.3977022767352147,-0.009176993817613555,1.3144979218839519,-1.2031829715288969,0.9700582931808914,0.5544390947975266,-0.5409507193004737,-0.03791006604612329,-0.09833196890390418,0.7774789255141371,-0.7632360296494787,0.9065019541223085,0.8267904464699527,-0.7903921056931675
74,0.30442096075489583,0.7477544105951076,0.8932964562217692,-0.7110329940695541,-0.6935988395298982,-0.8740481783553778,-0.24168601934766037,0.7097267945466846,0.5017156241737419,-0.6405511794909478,-0.9490194601386739,1.0234941258874424,-0.49943479920017886,0.9518723110284271,-1.0728466629053208,0.6138237970495009,1.1015612483597435,-0.12347831270114876,-0.49872428018561615,0.22060388270848394,1.3967316774673522,-0.9555458777619414,0.5211337889583024,0.5443059550276608,-1.2104964764084953
75,-0.055115013061778885,1.204425754933641,0.7896039845972536,-0.8479428897503272,-0.08701819236072281,-1.1978499840866452,0.035034836183820084,1.1563163058305992,1.200861959943341,-0.5352675158498813,-1.287679529503392,0.4120162023809515,0.1465533798198585,0.7666413543640499,-1.0856822943310602,0.11094657415134163,1.1913772110879244,-0.02906680222306774,-0.2031252180188594,-0.02454562936426955,0.5931557011074355,-1.0359122973388506,0.6032570010747736,0.6103704499284066,-1.5007614231483444
76,-0.20565617500413383,1.2006982212359485,0.4925920232617353,-0.6664803921562814,0.023792852931733634,-1.1672605581683733,-0.44411686778098,1.0195609040223885,0.6330597760054975,-0.011889578787682709,-1.0578585187794165,0.5707366198348062,0.04530925225753357,0.6356077662433146,-1.0843922687549958,0.2780996148599678,1.218492980685379,0.15829251453342702,-0.5745740921544732,-0.3306582362755432,0.9038006804823817,-0.512650521850225,0.44493634685966577,1.023612743959991,-0.8889773176937853
77,-0.2217329318472412,0.9683769100960528,0.4757527002808475,-1.009510208088996,-0.3690851520464239,-0.534304455698313,-0.24642720952381503,0.9907304063111237,1.2213295756962717,-0.8472080843718184,-0.8036670809236013,0.6086816144966745,-0.856229483075706,1.2704605417489514,-1.2406148949338072,0.4413805085400683,1.0508986174506603,0.21280960389520948,-0.3324396900433494,-0.15555769015921614,1.1858806671146338,-0.49602437342123534,0.6697139555928071,1.1098784455483408,-0.6429778678971084
78,-0.06900474094309367,0.7758121727640762,0.5524986574167072,-0.5250908275374789,0.10002003021769391,-0.8711611656586237,-0.19429850083632255,0.6123822715066658,0.752232802455556,-0.5657030875008828,-1.448169890672621,0.2910565210935112,-1.0026846604511188,1.583932889886385,-0.7957683985921833,0.5893072883214822,1.0471933271168496,-0.4557202739209327,-0.550170456010754,-0.0061380968859750555,1.3193248372085469,-0.5049559374573828,0.7406471506585601,0.5363311293744071,-1.0163813137313855
79,-0.43968969291420085,1.3064968587367134,1.4243536684724356,-0.8866672132227834,-0.2507337432431109,-0.8805698752351044,-0.1473895630236735,0.4106033930493951,0.9853765066347445,0.02388476550105223,-1.080581193661449,0.47755953201692175,-0.1928876808367092,1.3712561434478558,-1.2215753413619153,0.07790866806379843,0.5497347727405005,-0.34604584002557354,-0.3290963470735576,-0.6020897319081079,1.1858089250972437,-0.5682581352132821,0.42553595095460867,0.5647096523456462,-0.848642295882513
80,-0.2270443633707474,1.470616648423158,0.03321501649913705,-1.7520487339300275,0.3529306233308529,-0.8201382957094111,-0.1963599296588176,0.596059285278525,0.7418725500972414,-0.045432275121805865,-1.0138437307523922,0.8757314966375414,-0.31878063470716206,1.0502962246251621,-0.6871691295202925,0.6754363287366774,1.0383449020207358,0.3411272929953027,-1.2567936744680135,0.08366003154191272,0.8654864528468738,-0.9540511118025049,0.3878868775177264,1.0665562240693351,-0.8787706287610465
81,0.2675670323362143,0.9620065064661057,0.5511193867981733,-1.3661374343623636,0.0851554384784589,-0.8486394997363211,-0.7139649291806455,0.8868768040213366,0.7269353112737107,0.4138477706488922,-0.9100283469746913,0.38324123679132993,-0.46223431716913993,0.45074822098887213,-0.9795185136347684,0.5956881038168241,0.9356458152004101,0.002398774519239074,-0.6136339458545245,-0.00938947676756346,1.0733000940543405,-1.14065323066147,0.5531919029238276,0.8414032326999378,-0.6438978538850751
82,-0.2836816201614003,0.20296181337242203,0.5296572183468199,-0.10223398056139632,-0.05630951534054273,-1.132955464524206,-0.044839693184148766,0.633022479410655,0.76446901567771,-0.21121119917358416,-0.5225864293311555,0.37644436028760286,-0.3120274745961482,0.5768187775121234,-0.7218298693822012,0.8054928839526874,0.7285855585683005,-0.09315187628156586,-0.6034111382646741,-0.04158867957593108,1.5400913418868174,-1.005558279547142,0.5659693975385558,0.9434807001815193,-0.5612346178328702
83,-0.22037862576331438,1.0411137957840277,0.6131702057624742,-1.0954317397241398,0.07938376288707609,-1.3478791699365849,-0.5276553451523757,0.12492755908465769,0.24270878210573366,-0.39034437581523584,-1.2835514887042798,0.3635460497373826,-0.33352347598114007,1.36510131582996,-1.001991724764749,0.4507419163089597,0.8073561588854037,0.06244699664026438,-0.6079193690305262,0.2453038035249037,0.34836768295148757,-0.9034668719641347,0.6575602541295815,1.0135448266223024,-0.7158193235106829
84,-0.3862748352404555,0.8617869527369236,0.8840915374536266,-0.8377681537844065,0.44415564659543477,-1.3541976915968719,-0.5461417567185365,0.5655327659674267,0.3445965354726773,-0.18527295966986507,-1.2438632982540134,0.5891347236375013,-0.30937567207447814,1.1061699610781215,-1.2154062449956142,0.6472242818044766,0.8846692142582858,0.18720624592270202,-0.7409375037805342,0.38371923660219637,1.039614963579474,-0.9434623345660793,0.46638514837097833,0.8371042189439353,-0.8465395026529483
85,-0.10230869737952682,0.5837124184955962,0.9460777949684493,-1.5186118787265959,0.20839608491923164,-0.9549553058883837,-0.7691169425723381,0.8931105646377169,0.41039610183396835,-0.08785763268336627,-0.8796834215596382,0.9168183240619445,-0.31601439173238577,1.1660251767868537,-1.1215620176856875,0.31653156918996517,0.7020077931766462,-0.15357350833192812,-0.7949519858117249,-0.07124318743873803,0.6683426085619644,-1.5001002458492765,0.42220930054568007,0.9456537460191414,-1.4651629146303633
86,0.007450490061214539,0.6509414165288663,0.5495041458003548,-1.2057721314445775,0.421549795223781,-1.1401680544196653,-0.3749533727256646,0.9292147307495149,1.4128336806133448,-0.20056083788635454,-1.4537742333292867,0.3942281108976817,-0.5923180748703554,0.8818917674220473,-1.5372804072211061,0.7289850404277363,0.9525089363989984,0.11970129714182651,-0.10848948055144414,-0.15942330315465447,0.6392606962509834,-0.8403729454170644,0.8361557290611841,1.057880156414277,-0.59484808912898
87,-0.4006850412074911,0.6094178122216924,0.6737850039259415,-0.6357424936941461,-0.23294571319211937,-0.6015274151898677,-0.876291590312352,1.4293300914139542,0.9315819067771686,-0.7137262978267911,-1.3711364190879123,0.6547012756225867,-0.7573461026850666,1.5547906207153752,-0.6821341867600224,0.504572175704106,1.444777643131806,-0.18457564223758563,-0.6806385562687227,0.0448614802774219,1.0969313103849299,-0.7637415813121664,0.6720912223887826,0.8521535617771487,-0.9191237794692745
88,0.28199285342164515,0.8045653079935006,0.23566763159652548,-0.4737031389423587,-0.2657933563157819,-1.2407837019668804,-0.55900799664285,1.436609773040172,1.162434595883799,-0.420626680515378,-1.0496006186782243,0.5187122583001502,-0.7009890035152955,1.197164874645756,-1.1900011997770346,0.6818778898020915,1.325846942899984,0.3201865018883378,-0.5281932593137055,0.18211772856729141,0.37238320332091934,-0.7326652283982136,0.3267331503846707,0.806275191815985,-0.95496582667258
89,-0.020027380890339338,0.6320362819206944,0.7035163407747838,-1.6212788255252035,-0.2613979228189208,-0.636736706202913,-0.8685461950494513,0.7631773374313021,0.3501869893054492,-0.5333995633817904,-0.8564094721275227,0.25557306217452397,-0.6246282289810154,1.5088997626377214,-0.9660462831144447,0.5542619922789722,1.0134907787084853,0.017313827888192933,-0.5824761047912522,-0.2599691576035493,1.1941356971850863,-0.784699123467573,0.09493460758532019,1.2416558086349712,-1.1389002136344097
90,0.27479688950511605,0.9536684923919634,0.543701723443043,-1.1039441697371404,-0.3397889299304334,-0.7354481338253845,-0.43534030609697,0.7848385633818756,0.7284874903469217,-0.4515240612757138,-0.9869951008372058,-0.06411010297913794,-0.8677301813801168,0.7648171765515113,-0.9837256937327123,0.33327151695914775,0.7867190181136307,0.018492510772230894,-0.9487516166252035,0.37582071396925204,1.2097186527053931,-0.8264656023041159,1.0146339333997503,1.088449490393951,-0.729034992268604
91,0.2574097739126873,0.013412789178188445,0.4596516760398731,-1.0753110128663312,0.3052518473067644,-1.3598391304455886,0.1373857413693682,0.8142435270495094,0.8803044483921062,-0.12321803538418691,-0.8511587977015043,0.5985386341786111,-0.5732279686490623,1.0462673749965916,-0.6457189466477062,0.7655510713855469,0.8913118679970868,0.3556940793886947,-0.5725903856805048,0.21668564014769942,1.032459555195848,-1.3337790903446025,0.5290206045289029,0.8077404953700542,-0.2635697919030161
92,0.20942308402903664,0.6892006834587037,0.8220426198801971,-1.3918538297737708,0.16777822056572023,-0.7193200085620561,-0.7667311914418954,0.8602766126655711,1.5809671103116953,-0.7810531298984311,-0.9966257313197847,0.37439154137943914,-0.6793384622760082,1.221311275500235,-1.7930552282785963,0.9410940860218318,0.6380367967253943,0.33233294762716503,-0.07398599953986212,-0.19249251342928853,0.5464710478658281,-0.9101958219312923,0.9310197951020938,0.47743997532543,-1.4943706077912235
93,-0.14616555215982854,0.5568275109344876,0.005569533270445959,-1.4566877365860165,0.18124829804212736,-0.9865558440875054,-0.684004009317168,0.32107784124428096,0.728298391587307,-0.9596486520271286,-0.9355379780097293,0.7127551919725446,-0.0655763900554518,1.0882317024712582,-1.25609946780791,0.7804933894635273,0.7797655346495785,-0.11659447656537174,-0.4234216859838458,0.15301987992160448,1.176085068654849,-0.3706667975939011,1.1690598349299668,1.003293486837313,-0.6033063402961347
94,0.4239004848713933,1.1816965219307178,1.0943832848945998,-0.8319770770183726,-0.1393188927060183,-0.9186941980149768,-0.6960632104115343,0.70336932517727,1.284454994323463,-0.4892294488959132,-0.6787995982720109,0.40664971537841177,-0.5546680462906215,0.6099887007917771,-1.056751922903063,0.41314350923621757,0.9406539353528613,-0.3137749596585697,-0.8693679586875578,0.03538860193062921,0.9073471635315968,-0.5312715547265495,0.554715146542821,0.7823546891900438,-0.6291462157398052
95,-0.5509000306550046,1.214987814846313,0.3582780032762186,-0.8294709087936742,-0.44707159132212987,-0.7739421955607176,-1.0418597249637203,0.20114429768412878,0.7528918315964119,-0.33976728112952526,-0.6693176313943334,-0.04067609506018327,-0.8550508614288497,1.0110505792275928,-0.9983849459456093,-0.11021831353835365,0.8296115696948564,-0.028589867276478904,-0.5853195234105208,0.07570497374835926,0.8318818758774535,-1.14545912697411,1.232020145880875,0.5786589629192014,-0.8320810105142381
96,0.201391973757491,0.36968710033406355,0.5042641412557876,-0.8086037968196271,0.5662951938511149,-1.234565894343797,-0.24269467225946123,0.8889467424395191,1.0394845014814034,-0.08646477204497299,-0.6457703481893643,-0.0620416805330663,-0.6624697088115731,0.25158692677349304,-1.2630057709823919,0.14723780396039893,1.1655816107723487,0.2134764775031482,0.04148662630840777,0.2533782525465532,0.7474706179020886,-0.6845821094947411,0.6688364530114245,0.7527389066210799,-0.5527636800293076
97,-0.04020024100571988,0.6271591730890802,0.4708015397990293,-0.7281068682779022,0.2261250282109887,-0.8697007846512639,-0.33249965961263594,0.3052672151608262,1.0013832933416333,-0.7346681253098377,-1.149319724385546,0.5573821677835322,-0.09975356902585969,1.2899665163267036,-0.919289816502173,0.12749398491484526,1.0725769963886147,0.4444008172701067,-0.5790737173783806,0.43970324320461157,0.770009376330191,-0.7763686538666019,0.40941927974467635,0.6710575304515419,-1.11226803124696
98,0.10550715660748657,0.9313508192279552,0.7007704067314569,-0.5292934796885266,-0.3408795038514273,-0.4189818152743584,-0.28490260566845005,1.2148131621975584,1.058786477971917,-1.1283288658574075,-0.7307784318357663,0.9981681165989182,-0.43281529197990454,1.1064005855270587,-1.1520238523537043,0.4831868456627036,0.8944086093816177,0.20863719183370505,-0.6448811575602725,-0.5068712444853061,1.6463814284858436,-0.7763943521062586,0.8991029532080206,0.3463331258263187,-0.7054211203878813
99,0.08392021854257474,1.2199813378679072,0.7455242771613646,-1.407260630052782,0.2991079546185644,-1.1775723801166285,-0.4663567971219012,0.5160421995255414,1.8284370795109044,-0.5721248965543727,-0.8243344019620681,-0.13607280058819599,-0.7451999875190227,1.2596386069115073,-0.40712259610500545,0.10093991193521556,0.8996977198437384,0.030290552365059856,-0.22518369217888967,-0.1693112184044426,0.7198895415135893,-0.2785419852404497,0.07100124391480583,0.7859093188354593,-1.710726416860971
