,time,periods,phase,amplitude,power,frequencies,line
0,0,437.02127659574467,6.078031773441129,0.0027919818186727344,8.69522558029618,0.002288218111002921,0
1,10,437.02127659574467,6.218985612434634,0.002841936517407446,9.00916263064347,0.002288218111002921,0
2,20,437.02127659574467,0.07579387003881118,0.002893086635815267,9.336380867839123,0.002288218111002921,0
3,30,437.02127659574467,0.21541849746936234,0.002942925723625994,9.660826528222264,0.002288218111002921,0
4,40,437.02127659574467,0.354730326523288,0.002991210203984388,9.980436803830003,0.002288218111002921,0
5,50,437.02127659574467,0.49352082641145484,0.003038088847369925,10.295717617137546,0.002288218111002921,0
6,60,437.02127659574467,0.6313942512098343,0.0030835456567139736,10.606117841744684,0.002288218111002921,0
7,70,437.02127659574467,0.768386919355172,0.0031268316429778013,10.905979532015094,0.002288218111002921,0
8,80,437.02127659574467,0.9052766966794332,0.003167185787590864,11.189295967421492,0.002288218111002921,0
9,90,437.02127659574467,1.0435405412384247,0.003205064062216145,11.458535399548026,0.002288218111002921,0
10,100,437.02127659574467,1.1832032273476791,0.00324161714811163,11.72139020643719,0.002288218111002921,0
11,110,437.02127659574467,1.3228289137977678,0.0032760775728805616,11.971926312405703,0.002288218111002921,0
12,120,437.02127659574467,1.4626404771875292,0.0033086805273175777,12.211397056664218,0.002288218111002921,0
13,130,437.02127659574467,1.6026684843800147,0.0033395304263877513,12.440175036508476,0.002288218111002921,0
14,140,437.02127659574467,1.7437050830473553,0.003371602195178651,12.680265226484078,0.002288218111002921,0
15,150,437.02127659574467,1.8856691482487815,0.003406592377313328,12.944820191304713,0.002288218111002921,0
16,160,437.02127659574467,2.0282070736817297,0.003445446717398774,13.241791881718433,0.002288218111002921,0
17,170,427.09219858156024,2.11621879764854,0.003534333008673626,13.617258205839315,0.0023414148123546996,0
18,180,427.09219858156024,2.260461270075531,0.0035928083816077496,14.071579521871282,0.0023414148123546996,0
19,190,437.02127659574467,2.456158919603514,0.003619098819487485,14.610213591113462,0.002288218111002921,0
20,200,437.02127659574467,2.5961684347310925,0.0037000877788364484,15.271431061384162,0.002288218111002921,0
21,210,437.02127659574467,2.732771090245224,0.0038030225732836754,16.132938868010825,0.002288218111002921,0
22,220,446.95035460992904,2.9186570740570175,0.0038846993056308025,17.215799752892405,0.0022373849571564585,0
23,230,446.95035460992904,3.0481397723255257,0.004020630737305849,18.441691958659664,0.0022373849571564585,0
24,240,456.87943262411346,3.2327695420081377,0.004092925049805292,19.53539927172342,0.0021887612542688607,0
25,250,456.87943262411346,3.361063994485775,0.004198323442079466,20.55448008689345,0.0021887612542688607,0
26,260,456.87943262411346,3.4885029572029653,0.004292451932716448,21.486495629082235,0.0021887612542688607,0
27,270,456.87943262411346,3.6153452884519752,0.004377027132394068,22.341544114860767,0.0021887612542688607,0
28,280,466.80851063829783,3.7970164988028436,0.0044079467435767985,23.150722177907664,0.0021422060164083866,0
29,290,466.80851063829783,3.923723282910895,0.004475375137050465,23.86441294248066,0.0021422060164083866,0
30,300,466.80851063829783,4.051786809648436,0.00453125699558753,24.464100629739118,0.0021422060164083866,0
31,310,466.80851063829783,4.181675642915119,0.0045774686821140045,24.965635700466397,0.0021422060164083866,0
32,320,466.80851063829783,4.312429403381108,0.004618862877213211,25.41920737865176,0.0021422060164083866,0
33,330,466.80851063829783,4.442875716261582,0.004658194761489632,25.85396466894599,0.0021422060164083866,0
34,340,466.80851063829783,4.573031295954477,0.00469517906023776,26.266135777351355,0.0021422060164083866,0
35,350,466.80851063829783,4.705061414674496,0.004729578390469207,26.65242450468045,0.0021422060164083866,0
36,360,466.80851063829783,4.837415807032523,0.004762705233711203,27.02708907325423,0.0021422060164083866,0
37,370,466.80851063829783,4.970082984285066,0.004794970855309582,27.39452719299306,0.0021422060164083866,0
38,380,466.80851063829783,5.103409989611066,0.004827547034395942,27.768018705217354,0.0021422060164083866,0
39,390,466.80851063829783,5.236602396802688,0.0048592463399083985,28.133884365693124,0.0021422060164083866,0
40,400,466.80851063829783,5.369656606915907,0.004889910816787962,28.490084843105635,0.0021422060164083866,0
41,410,466.80851063829783,5.5035670157666825,0.004924448900687006,28.893964592019405,0.0021422060164083866,0
42,420,466.80851063829783,5.637347694528598,0.004959231156029303,29.303572453321895,0.0021422060164083866,0
43,430,466.80851063829783,5.770953304860669,0.00499420740576435,29.71837197504871,0.0021422060164083866,0
44,440,466.80851063829783,5.904408832766682,0.005030184678437732,30.148084634485002,0.0021422060164083866,0
45,450,466.80851063829783,6.03750951079116,0.005064620229253944,30.56227198388529,0.0021422060164083866,0
46,460,466.80851063829783,6.170302070159244,0.005097224860129914,30.957041603889476,0.0021422060164083866,0
47,470,466.80851063829783,0.019610331587696973,0.005134536011844792,31.411904908582077,0.0021422060164083866,0
48,480,466.80851063829783,0.15157528859846953,0.005174639337044067,31.904506914820953,0.0021422060164083866,0
49,490,466.80851063829783,0.2828279782554205,0.005217166735999057,32.43107158960974,0.0021422060164083866,0
50,500,466.80851063829783,0.4133403853456576,0.005259976545909755,32.96548586221619,0.0021422060164083866,0
51,510,466.80851063829783,0.5432355739915437,0.005300889015670724,33.48029598409705,0.0021422060164083866,0
52,520,476.73758865248226,0.694243587756959,0.005283877940312502,33.9733246461502,0.002097590002975305,0
53,530,476.73758865248226,0.8225059276678114,0.005319576886513091,34.433936682817425,0.002097590002975305,0
54,540,476.73758865248226,0.9508797781072142,0.005349648690913584,34.82435023187155,0.002097590002975305,0
55,550,476.73758865248226,1.0795452466820354,0.005374546432154693,35.14925579845165,0.002097590002975305,0
56,560,476.73758865248226,1.2085647748464454,0.0053952040327001505,35.419974346381935,0.002097590002975305,0
57,570,476.73758865248226,1.337298160959568,0.0054140787724171555,35.66823640185062,0.002097590002975305,0
58,580,476.73758865248226,1.4657418644252684,0.005430914040577447,35.890404553982506,0.002097590002975305,0
59,590,476.73758865248226,1.5940273839013142,0.005445322680959436,36.0810972897823,0.002097590002975305,0
60,600,476.73758865248226,1.721650612365097,0.00545728414748076,36.239786455055686,0.002097590002975305,0
61,610,476.73758865248226,1.8486189760386045,0.005465973595699075,36.3552850967239,0.002097590002975305,0
62,620,476.73758865248226,1.9750716905410104,0.005470693200792621,36.41809427879093,0.002097590002975305,0
63,630,476.73758865248226,2.10134893234,0.005471348258942699,36.42681617082292,0.002097590002975305,0
64,640,476.73758865248226,2.2275021577041367,0.005467704502781236,36.37831396174668,0.002097590002975305,0
65,650,486.66666666666663,2.356494897044735,0.005405844778095298,36.30043623250762,0.0020547945205479454,0
66,660,486.66666666666663,2.4806746256705896,0.005398237144783148,36.198337078982966,0.0020547945205479454,0
67,670,486.66666666666663,2.604688439350069,0.005385382128890081,36.02614155209718,0.0020547945205479454,0
68,680,486.66666666666663,2.7285491228923866,0.005366491646043426,35.77384465030642,0.0020547945205479454,0
69,690,486.66666666666663,2.852342141715319,0.005340880902796888,35.433209236189334,0.0020547945205479454,0
70,700,486.66666666666663,2.9762280489936535,0.005308211365853703,35.00105351162858,0.0020547945205479454,0
71,710,486.66666666666663,3.1004784146687143,0.005269370206728525,34.490709213876364,0.0020547945205479454,0
72,720,486.66666666666663,3.2317627072424484,0.005214892233170432,33.78122370485821,0.0020547945205479454,0
73,730,486.66666666666663,3.3562541756140707,0.005224317074758294,33.90343922660353,0.0020547945205479454,0
74,740,486.66666666666663,3.4806736097364475,0.005228452942212611,33.957140268101256,0.0020547945205479454,0
75,750,496.595744680851,3.5934791594917934,0.005156787879225679,33.706575293254836,0.0020137103684661527,0
76,760,496.595744680851,3.7221432575364126,0.005137671855084801,33.457140390125176,0.0020137103684661527,0
77,770,496.595744680851,3.847909778574016,0.005124907473308532,33.29110051175304,0.0020137103684661527,0
78,780,496.595744680851,3.975613020100847,0.005109657906567714,33.09327467842431,0.0020137103684661527,0
79,790,496.595744680851,4.105954877678325,0.0050944325992000475,32.896351668606265,0.0020137103684661527,0
80,800,506.5248226950354,4.217975863138103,0.00503416701679229,32.7649170914327,0.0019742369084290116,0
81,810,506.5248226950354,4.347429204352517,0.005033337824233485,32.754124367291624,0.0019742369084290116,0
82,820,506.5248226950354,4.471782360318533,0.005023407902526575,32.6250151859065,0.0019742369084290116,0
83,830,506.5248226950354,4.591688297036102,0.004998822655940664,32.30645404985515,0.0019742369084290116,0
84,840,506.5248226950354,4.71197083814148,0.0049728505960774825,31.971621039029163,0.0019742369084290116,0
85,850,506.5248226950354,4.8298927580093185,0.004930734079656876,31.432360433583593,0.0019742369084290116,0
86,860,506.5248226950354,4.946175445380607,0.004870264340438986,30.666124970134998,0.0019742369084290116,0
87,870,506.5248226950354,5.063805607982758,0.0048095778269401646,29.90664854552023,0.0019742369084290116,0
88,880,506.5248226950354,5.182698695469333,0.004749368455789332,29.162554299970317,0.0019742369084290116,0
89,890,506.5248226950354,5.302768259078732,0.004690399788360812,28.442879195756976,0.0019742369084290116,0
90,900,506.5248226950354,5.423937413323706,0.0046344662786303465,27.768555365423428,0.0019742369084290116,0
91,910,506.5248226950354,5.546002504968243,0.004576893178917476,27.082913739479746,0.0019742369084290116,0
92,920,506.5248226950354,5.669033892229878,0.0045182399256914725,26.39322204159344,0.0019742369084290116,0
93,930,506.5248226950354,5.79292596069663,0.004462194825163527,25.7425099935686,0.0019742369084290116,0
94,940,506.5248226950354,5.9177430213504305,0.004406849188936087,25.10788959426489,0.0019742369084290116,0
95,950,506.5248226950354,6.043474706563251,0.004352739882710517,24.49510260995519,0.0019742369084290116,0
96,960,516.4539007092199,6.137467196927279,0.004265095643164348,23.979615289112182,0.001936281241417193,0
97,970,516.4539007092199,6.262240250524034,0.004227543428688377,23.55921511963418,0.001936281241417193,0
98,980,516.4539007092199,0.10422532383537163,0.004192153522260156,23.16642501621051,0.001936281241417193,0
99,990,526.3829787234042,0.19570142737127086,0.004125569288629576,22.867711718324763,0.0018997574777687956,0
100,1000,526.3829787234042,0.3196475400706373,0.004101092822928124,22.597174322255174,0.0018997574777687956,0
101,1010,536.3120567375886,0.4118841578608502,0.004042271511037802,22.367715097385712,0.0018645860883364192,0
102,1020,536.3120567375886,0.5362530361099076,0.004029893800835992,22.23094189407745,0.0018645860883364192,0
103,1030,546.241134751773,0.6260993660104165,0.003985197019116449,22.143032404687755,0.0018306933264087253,0
104,1040,546.241134751773,0.7470453453234142,0.003984348155685431,22.13360029454941,0.0018306933264087253,0
105,1050,556.1702127659574,0.8314483414246714,0.003948728360729138,22.13478681781747,0.0017980107115531752,0
106,1060,556.1702127659574,0.9464373246345164,0.00394678754518325,22.113033495205112,0.0017980107115531752,0
107,1070,556.1702127659574,1.060698881964507,0.003944771624683788,22.090449693911747,0.0017980107115531752,0
108,1080,556.1702127659574,1.173635289823313,0.003937678204464353,22.011075792133834,0.0017980107115531752,0
109,1090,566.0992907801418,1.244606038111448,0.0038845855925524727,21.803946179248076,0.0017664745677774994,0
110,1100,566.0992907801418,1.3535335058436022,0.0038524589690292106,21.444787890718448,0.0017664745677774994,0
111,1110,566.0992907801418,1.4624854966548755,0.0037999367249221846,20.86404165476312,0.0017664745677774994,0
112,1120,566.0992907801418,1.5725578188253124,0.0037303890105300757,20.10730924288244,0.0017664745677774994,0
113,1130,566.0992907801418,1.684097686303471,0.0036587526274593166,19.342464382438862,0.0017664745677774994,0
114,1140,566.0992907801418,1.7977322010046348,0.0035809208328092443,18.52828193790661,0.0017664745677774994,0
115,1150,576.0283687943262,1.8747825943095238,0.0034607323855120834,17.608931623386184,0.0017360256094557992,0
116,1160,576.0283687943262,1.996444061463615,0.0033713944172232145,16.711525636296003,0.0017360256094557992,0
117,1170,585.9574468085106,2.084632167397719,0.003262615163716909,15.920286501249796,0.0017066085693536676,0
118,1180,605.8156028368794,2.1420826905369057,0.003151201661444939,15.354863086984,0.001650667291032545,0
119,1190,615.7446808510638,2.2335830293174754,0.003090662010347389,15.01263055151263,0.001624049758120249,0
120,1200,625.6737588652481,2.3180337860563336,0.0030487244071098363,14.84353621383849,0.0015982770346860125,0
121,1210,635.6028368794326,2.39389573644183,0.0030145703052279708,14.743132239998607,0.0015733095291229637,0
122,1220,645.531914893617,2.46596744516926,0.0029835201978870482,14.666577568046444,0.0015491100856954516,0
123,1230,645.531914893617,2.563588296935851,0.0029714580793893594,14.548225843349678,0.0015491100856954516,0
124,1240,645.531914893617,2.657662045680494,0.002953276561654778,14.370737491497037,0.0015491100856954516,0
125,1250,645.531914893617,2.749361802572009,0.0029289103846960765,14.134582550906838,0.0015491100856954516,0
126,1260,645.531914893617,2.8408333385634634,0.002901906342771,13.875147301354954,0.0015491100856954516,0
127,1270,645.531914893617,2.9322034390144065,0.002872194791170538,13.592476768624493,0.0015491100856954516,0
128,1280,645.531914893617,3.023536441122434,0.002839515321592005,13.284929428518712,0.0015491100856954516,0
129,1290,645.531914893617,3.1155829690130292,0.002806515396943837,12.977937466978135,0.0015491100856954516,0
130,1300,645.531914893617,3.2079604659128558,0.002771487227753738,12.656003373414269,0.0015491100856954516,0
131,1310,645.531914893617,3.301063949052665,0.0027365529203239054,12.338958997292732,0.0015491100856954516,0
132,1320,645.531914893617,3.394365727863485,0.002697448734033495,11.98884148146179,0.0015491100856954516,0
133,1330,645.531914893617,3.488671719584021,0.0026615559857352967,11.671912706572199,0.0015491100856954516,0
134,1340,645.531914893617,3.5837477549270775,0.0026291424437807787,11.389352944000342,0.0015491100856954516,0
135,1350,645.531914893617,3.679322605197729,0.0025944359966286377,11.09064340096188,0.0015491100856954516,0
136,1360,655.4609929078014,3.7302291093298856,0.00253911021572496,10.786065604968673,0.001525643800043281,0
137,1370,655.4609929078014,3.8262793301338984,0.0025030841504296874,10.4821616398067,0.001525643800043281,0
138,1380,655.4609929078014,3.923058734607996,0.00246719732221657,10.183749826490738,0.001525643800043281,0
139,1390,665.3900709219857,3.973958893648635,0.002414922967050248,9.90457808208055,0.001502877851204434,0
140,1400,665.3900709219857,4.070671098253261,0.0023836133762145475,9.649416317480618,0.001502877851204434,0
141,1410,665.3900709219857,4.165660157682505,0.0023596584474389246,9.456440755733912,0.001502877851204434,0
0,0,437.02127659574467,5.85196019155277,0.00267225685372036,15.572680842586307,0.002288218111002921,1
1,10,417.16312056737587,5.865020917456933,0.002748187154763344,15.72182365395209,0.002397143828629718,1
2,20,407.23404255319144,5.9521970352965985,0.002799336691903496,15.924241350095686,0.00245559038662487,1
3,30,397.3049645390071,6.041827053287135,0.002859938112978998,16.215922685672084,0.0025169582292038557,1
4,40,397.3049645390071,6.200054596851864,0.0028905543368964496,16.564970608069192,0.0025169582292038557,1
5,50,387.37588652482265,0.011275077797355804,0.0029594784019411373,16.93040453641094,0.0025814719882826806,1
6,60,387.37588652482265,0.1726123552905451,0.002994127115997424,17.3291577184177,0.0025814719882826806,1
7,70,387.37588652482265,0.3334552808642436,0.0030276966351079704,17.71991775877197,0.0025814719882826806,1
8,80,387.37588652482265,0.49343910806006624,0.0030582294968666953,18.079113495785506,0.0025814719882826806,1
9,90,377.4468085106383,0.5978773174563458,0.0031315361384210622,18.470345350143738,0.002649379932356257,1
10,100,377.4468085106383,0.761218149149515,0.003167680418182731,18.899176450087122,0.002649379932356257,1
11,110,377.4468085106383,0.9242062216880169,0.0032003095968968238,19.290529458192847,0.002649379932356257,1
12,120,377.4468085106383,1.086905827607625,0.0032318326630440485,19.672424706221257,0.002649379932356257,1
13,130,377.4468085106383,1.2492763356540515,0.0032620651227894927,20.042201022588642,0.002649379932356257,1
14,140,377.4468085106383,1.4116287538173342,0.003288784147868946,20.371870222721277,0.002649379932356257,1
15,150,377.4468085106383,1.5732249495891941,0.0033157483236939253,20.707290559069055,0.002649379932356257,1
16,160,377.4468085106383,1.7338549944136867,0.0033422734173715386,21.039921232681458,0.002649379932356257,1
17,170,377.4468085106383,1.8929700083038346,0.003368338807121832,21.369368968284018,0.002649379932356257,1
18,180,377.4468085106383,2.0519467172882173,0.0033902494740159833,21.648283888720822,0.002649379932356257,1
19,190,377.4468085106383,2.2109058798916155,0.0034080467354458566,21.876167673261946,0.002649379932356257,1
20,200,377.4468085106383,2.3697445570468663,0.003421911319807391,22.054522575655817,0.002649379932356257,1
21,210,387.37588652482265,2.547086024004997,0.003389440797127396,22.207163530574057,0.0025814719882826806,1
22,220,387.37588652482265,2.7027015067142024,0.003397829183115277,22.31721871764481,0.0025814719882826806,1
23,230,387.37588652482265,2.85774775356406,0.0034023870172931302,22.37713132591167,0.0025814719882826806,1
24,240,387.37588652482265,3.013187063109741,0.0034033334173921726,22.38958179939877,0.0025814719882826806,1
25,250,387.37588652482265,3.169072267713484,0.003401092352579994,22.360104826450584,0.0025814719882826806,1
26,260,387.37588652482265,3.3250523543833954,0.003395300468804346,22.284013475206592,0.0025814719882826806,1
27,270,397.3049645390071,3.4752675541976705,0.0033435853531551354,22.164259305653943,0.0025169582292038557,1
28,280,397.3049645390071,3.627136986014601,0.0033324235233211847,22.016525223964923,0.0025169582292038557,1
29,290,397.3049645390071,3.780474752955895,0.0033214557329013863,21.871840575633307,0.0025169582292038557,1
30,300,397.3049645390071,3.9339921176108277,0.0033078673218835475,21.693246827341497,0.0025169582292038557,1
31,310,397.3049645390071,4.087718016078725,0.0032917663883418147,21.48257848215399,0.0025169582292038557,1
32,320,397.3049645390071,4.242191539197282,0.0032775161730143002,21.29698284479777,0.0025169582292038557,1
33,330,397.3049645390071,4.3965874766419,0.003259041571206437,21.05756716876689,0.0025169582292038557,1
34,340,397.3049645390071,4.551126581068729,0.003236189019518691,20.76328925538845,0.0025169582292038557,1
35,350,407.23404255319144,4.670181322375941,0.0031730395049774504,20.45970824032984,0.00245559038662487,1
36,360,407.23404255319144,4.821356419013138,0.003148134320838589,20.139792235108843,0.00245559038662487,1
37,370,407.23404255319144,4.972828597037188,0.0031216486651904555,19.802340461406235,0.00245559038662487,1
38,380,407.23404255319144,5.124595962198207,0.0030937509096354682,19.449980303247298,0.00245559038662487,1
39,390,407.23404255319144,5.276197469256276,0.003068013560805577,19.127712157425773,0.00245559038662487,1
40,400,407.23404255319144,5.427261451347078,0.0030442403195182115,18.832429282136047,0.00245559038662487,1
41,410,417.16312056737587,5.523124590884953,0.0029861900830618223,18.56287360926401,0.002397143828629718,1
42,420,417.16312056737587,5.67098870024902,0.002961473216396708,18.25685340577048,0.002397143828629718,1
43,430,417.16312056737587,5.819671033030523,0.0029322810358500145,17.898700177810174,0.002397143828629718,1
44,440,417.16312056737587,5.967575971291773,0.0029046529886941575,17.56300486068134,0.002397143828629718,1
45,450,417.16312056737587,6.114778282589802,0.0028771938538483368,17.232510736177005,0.002397143828629718,1
46,460,427.09219858156024,6.195340787053749,0.0028191756475270525,16.938319145554964,0.0023414148123546996,1
47,470,427.09219858156024,0.05495174422338349,0.0027946778295236284,16.645220023142,0.0023414148123546996,1
48,480,437.02127659574467,0.1296309376344543,0.00274161701918276,16.391570220980185,0.002288218111002921,1
49,490,437.02127659574467,0.26621630620403125,0.0027246251693269037,16.189018230502388,0.002288218111002921,1
50,500,446.95035460992904,0.3380585190524191,0.002676111397955726,15.972469375453624,0.0022373849571564585,1
51,510,446.95035460992904,0.4723393553442545,0.002659481271488121,15.774571146444982,0.0022373849571564585,1
52,520,446.95035460992904,0.6057297048356214,0.0026410497325278226,15.556677450087781,0.0022373849571564585,1
53,530,456.87943262411346,0.6773131024667609,0.0025905723344749015,15.300212291947092,0.0021887612542688607,1
54,540,456.87943262411346,0.812885493073523,0.0025663835770023944,15.01582316444165,0.0021887612542688607,1
55,550,456.87943262411346,0.9496535176557614,0.0025400319471597346,14.709041327643039,0.0021887612542688607,1
56,560,456.87943262411346,1.086802785648895,0.0025131234836297664,14.399044272995377,0.0021887612542688607,1
57,570,456.87943262411346,1.223968616493571,0.0024860705816769947,14.090711374987764,0.0021887612542688607,1
58,580,456.87943262411346,1.3611182277524962,0.0024588977856408764,13.784371269950576,0.0021887612542688607,1
59,590,456.87943262411346,1.4952365450629332,0.0024305509477946688,13.46838331624029,0.0021887612542688607,1
60,600,456.87943262411346,1.628586038331332,0.002400653498062163,13.139080404467936,0.0021887612542688607,1
61,610,963.2624113475176,5.299442568003302,0.0016393061038997051,12.91722212585634,0.0010381387130025035,1
62,620,973.191489361702,5.349603004917363,0.0016519413630922222,13.252321401181531,0.0010275470048097947,1
63,630,973.191489361702,5.40544272928156,0.0016722414791398913,13.580028711057155,0.0010275470048097947,1
64,640,983.1205673758865,5.455393553772209,0.001683391757094865,13.902137410593058,0.0010171692396479584,1
65,650,993.0496453900709,5.507223801888708,0.0016883182085362996,14.124854140798234,0.0010069990001428369,1
66,660,993.0496453900709,5.561554185378493,0.0017069385400056822,14.438136104224167,0.0010069990001428369,1
67,670,1002.9787234042552,5.608574931438575,0.0017221645208999874,14.843810399003013,0.00099703012303776,1
68,680,1012.9078014184396,5.655460176089494,0.0017375516103053075,15.259831741258356,0.0009872566867385523,1
69,690,1022.8368794326241,5.702206328440844,0.0017529989962825464,15.684624137774222,0.000977672999583969,1
70,700,1022.8368794326241,5.751818047676251,0.001777183048633792,16.120373697514488,0.000977672999583969,1
71,710,1032.7659574468084,5.796639999469922,0.001795672413638641,16.617302967222468,0.0009682735887927484,1
72,720,1052.6241134751772,5.880830448682608,0.0017822597666809579,16.684750765544244,0.0009500067376364373,1
73,730,1052.6241134751772,5.944191809984452,0.0017831647549000488,16.70169928982117,0.0009500067376364373,1
74,740,1052.6241134751772,5.996592036477859,0.0017796259535401546,16.635473947245355,0.0009500067376364373,1
75,750,1062.5531914893616,6.059850703286394,0.0017753878794131053,16.71250629049515,0.0009411293552262717,1
76,760,1062.5531914893616,6.131427654345172,0.0017847630422233255,16.88947737401799,0.0009411293552262717,1
77,770,1072.482269503546,6.198767715915336,0.0017896893138344637,17.14153908895915,0.000932416347044042,1
78,780,1082.4113475177305,6.27167227474403,0.001806801058239525,17.632642871819,0.0009238631896212816,1
79,790,1102.2695035460993,0.05098166491750436,0.0018184836820518,18.18909164001463,0.0009072191481147858,1
80,800,1102.2695035460993,0.12276551648077849,0.0018484982888698075,18.794479388516663,0.0009072191481147858,1
81,810,1112.1985815602836,0.18005672193129535,0.0018606925120681647,19.214804012799263,0.0008991200102027803,1
82,820,1112.1985815602836,0.23898401319124718,0.0018684311702323235,19.37496590466915,0.0008991200102027803,1
83,830,1112.1985815602836,0.29318303887654745,0.001862229733219838,19.24656595541419,0.0008991200102027803,1
84,840,1112.1985815602836,0.3481808643887373,0.0018583416458469745,19.16628132805034,0.0008991200102027803,1
85,850,1112.1985815602836,0.399009294218857,0.0018368753367184302,18.72604683859313,0.0008991200102027803,1
86,860,1112.1985815602836,0.446481383232027,0.0017971801303055751,17.92544541948274,0.0008991200102027803,1
87,870,1102.2695035460993,0.5033214662114917,0.0017610631797115757,17.0585482520799,0.0009072191481147858,1
88,880,1102.2695035460993,0.5512114393506568,0.0017140735300981327,16.160362223689788,0.0009072191481147858,1
89,890,1102.2695035460993,0.5997763794471564,0.001664042610994693,15.23074266522296,0.0009072191481147858,1
90,900,1102.2695035460993,0.6503340715675235,0.0016195469806250316,14.427108432019374,0.0009072191481147858,1
91,910,1102.2695035460993,0.7018559255719371,0.0015721987680183769,13.59587295225624,0.0009072191481147858,1
92,920,1102.2695035460993,0.7546019697302703,0.0015220445703990598,12.7422738575039,0.0009072191481147858,1
93,930,1102.2695035460993,0.808993732594942,0.0014726873983617035,11.929255369494719,0.0009072191481147858,1
94,940,1102.2695035460993,0.8651470705258777,0.0014225421378923921,11.130699903790832,0.0009072191481147858,1
95,950,1102.2695035460993,0.9233195605915875,0.001371726314531896,10.349685058837954,0.0009072191481147858,1
96,960,1102.2695035460993,0.9830925126994597,0.001327793913698597,9.697360517054792,0.0009072191481147858,1
97,970,1112.1985815602836,1.0396797765722596,0.0012806815369424715,9.102674984824002,0.0008991200102027803,1
98,980,1112.1985815602836,1.1032073131390878,0.0012433167867900638,8.579269964395666,0.0008991200102027803,1
99,990,1122.127659574468,1.1634536315393622,0.0012059126310702772,8.142886063995345,0.0008911642017444066,1
100,1000,1141.9858156028367,1.2257901573596863,0.0011582645544774652,7.645055531730429,0.0008756676189293257,1
101,1010,1161.8439716312055,1.2940470415795258,0.0011121452800785404,7.17092627424869,0.0008607007691368577,1
102,1020,1181.7021276595744,1.3631888572206672,0.0010750711317640154,6.815328915597926,0.0008462369463449767,1
103,1030,1211.4893617021276,1.4276039769315383,0.0010426032604115183,6.571464478680218,0.0008254302774850721,1
104,1040,1241.2765957446807,1.4913844129150733,0.0010156941260628784,6.389970467376753,0.0008056222146040453,1
105,1050,1271.063829787234,1.5591844852271284,0.000991712580122579,6.237971806300597,0.0007867425510545698,1
106,1060,1310.7801418439715,1.6178705476343855,0.0009703315029060922,6.158493942718469,0.0007629044475706094,1
107,1070,1340.5673758865248,1.6816913849970838,0.0009566274286392438,6.121793929703355,0.0007459528092265368,1
108,1080,1370.354609929078,1.7383192738708573,0.0009468452751081467,6.130492990159279,0.0007297381223475831,1
109,1090,1390.2127659574467,1.789660820403663,0.0009419442516174371,6.155113629192206,0.0007193143556779921,1
110,1100,1400.141843971631,1.832246727027203,0.0009386539754665755,6.155842292343179,0.000714213352243947,1
111,1110,1390.2127659574467,1.8737051752321852,0.0009390041673389132,6.116749765389876,0.0007193143556779921,1
112,1120,1360.4255319148936,1.9108649371887292,0.0009418380336320057,6.0218734561718685,0.0007350641226149515,1
113,1130,1340.5673758865248,1.9511305688920229,0.0009436927608946892,5.957366181827373,0.0007459528092265368,1
114,1140,1310.7801418439715,1.9924367382701935,0.0009480370216893049,5.878748083533383,0.0007629044475706094,1
115,1150,1280.9929078014184,2.0255185971479976,0.0009517073395450614,5.789725383403137,0.0007806444469051047,1
116,1160,1231.3475177304963,2.0652554130914704,0.0009649698657593968,5.72153480690604,0.0008121184195369198,1
117,1170,1151.914893617021,2.1100651271451487,0.0009976931581742938,5.721617009748288,0.0008681196896933877,1
118,1180,1082.4113475177305,2.1604660507645908,0.0010392319239585484,5.833399197065503,0.0009238631896212816,1
119,1190,1042.6950354609928,2.214320178768695,0.0010709991053483683,5.968152670900812,0.0009590531900421712,1
120,1200,1022.8368794326241,2.2687887017458994,0.0010907268760451552,6.072154454554866,0.000977672999583969,1
121,1210,1012.9078014184396,2.327473544591656,0.0011000711501898996,6.116681528122785,0.0009872566867385523,1
122,1220,993.0496453900709,2.39721883406815,0.0011153419651048467,6.164409045287998,0.0010069990001428369,1
123,1230,993.0496453900709,2.450258540706266,0.0011175933809782492,6.189320967273695,0.0010069990001428369,1
124,1240,993.0496453900709,2.5132378001276536,0.0011149923790193714,6.160545380204091,0.0010069990001428369,1
125,1250,1002.9787234042552,2.568983479785072,0.0011051382273902617,6.112647135496155,0.00099703012303776,1
126,1260,1002.9787234042552,2.6390064541620086,0.0011010236262660477,6.06721520052127,0.00099703012303776,1
127,1270,1012.9078014184396,2.689713773789698,0.0010929642730288453,6.0379046485221375,0.0009872566867385523,1
128,1280,1012.9078014184396,2.755909976981683,0.0010903856381600406,6.009447753464841,0.0009872566867385523,1
129,1290,1032.7659574468084,2.7997639438485487,0.001078264070814828,5.991790014014347,0.0009682735887927484,1
130,1300,1032.7659574468084,2.8666414275741796,0.0010770774998036395,5.9786099913882165,0.0009682735887927484,1
131,1310,1032.7659574468084,2.921601974445241,0.0010733194594676249,5.936962735535339,0.0009682735887927484,1
132,1320,1042.6950354609928,2.9708736084969587,0.0010672425134160828,5.926358808547437,0.0009590531900421712,1
133,1330,1032.7659574468084,3.0417580806802818,0.0010678830640216928,5.876973254761845,0.0009682735887927484,1
134,1340,1022.8368794326241,3.1043237463659015,0.0010640676736853618,5.778954566200059,0.000977672999583969,1
135,1350,1012.9078014184396,3.1663419750844914,0.00105908269670017,5.669360371278291,0.0009872566867385523,1
136,1360,1002.9787234042552,3.2281039650253196,0.0010530471464907862,5.549984291721632,0.00099703012303776,1
137,1370,993.0496453900709,3.2895544156581473,0.0010459307139980768,5.421022324380247,0.0010069990001428369,1
138,1380,973.191489361702,3.3720261223911434,0.0010440489192882073,5.293518084034888,0.0010275470048097947,1
139,1390,963.2624113475176,3.433629157221349,0.0010349693135278202,5.148775578590182,0.0010381387130025035,1
140,1400,943.4042553191489,3.5137260498475396,0.0010294949562504642,4.989427078911587,0.0010599909788001805,1
141,1410,923.54609929078,3.594349960486435,0.0010233627801697852,4.826387815702993,0.001082782982644755,1
0,0,446.95035460992904,5.958815729735475,0.005677530394166099,12.083800633268709,0.0022373849571564585,2
1,10,446.95035460992904,6.096933800306809,0.005778970229931773,12.519458074280637,0.0022373849571564585,2
2,20,446.95035460992904,6.234623251824671,0.005878649225425141,12.955068376986395,0.0022373849571564585,2
3,30,446.95035460992904,0.08864613570498768,0.005977102038584553,13.392632619866244,0.0022373849571564585,2
4,40,446.95035460992904,0.2253833612351126,0.006073741394389112,13.829204828618169,0.0022373849571564585,2
5,50,446.95035460992904,0.36113862259286794,0.00617121228059696,14.276626150739325,0.0022373849571564585,2
6,60,446.95035460992904,0.4961826521125564,0.006266434150536852,14.72060218566339,0.0022373849571564585,2
7,70,446.95035460992904,0.6305324779236616,0.006358425527552753,15.155971980572035,0.0022373849571564585,2
8,80,446.95035460992904,0.7648118042947454,0.006444723684963672,15.570165162461585,0.0022373849571564585,2
9,90,446.95035460992904,0.8992010653708331,0.006525205384260696,15.961473727740591,0.0022373849571564585,2
10,100,446.95035460992904,1.033799104720752,0.0066001193426715385,16.33007549921941,0.0022373849571564585,2
11,110,446.95035460992904,1.169003166224967,0.006669908445553942,16.677246997411334,0.0022373849571564585,2
12,120,446.95035460992904,1.3042461055396575,0.006734916675333899,17.00392064985638,0.0022373849571564585,2
13,130,446.95035460992904,1.439585742214254,0.006795159814818072,17.309477809202058,0.0022373849571564585,2
14,140,456.87943262411346,1.6309241582732286,0.006777934463183366,17.604417834758994,0.0021887612542688607,2
15,150,446.95035460992904,1.7125992475879048,0.006909366479595911,17.89621023877823,0.0022373849571564585,2
16,160,446.95035460992904,1.8504645200521572,0.006967823643888127,18.200315475141043,0.0022373849571564585,2
17,170,446.95035460992904,1.9898008153929423,0.007035736372133113,18.556827555407885,0.0022373849571564585,2
18,180,446.95035460992904,2.130569231437937,0.00712100952555745,19.009371102063124,0.0022373849571564585,2
19,190,446.95035460992904,2.2720087992851914,0.007227077235490201,19.57987918526395,0.0022373849571564585,2
20,200,446.95035460992904,2.413275539163335,0.007356032887310693,20.284856515923895,0.0022373849571564585,2
21,210,446.95035460992904,2.5535786623343486,0.0075112490426026916,21.149930227297876,0.0022373849571564585,2
22,220,446.95035460992904,2.692039083976329,0.007692736221955382,22.18432902393387,0.0022373849571564585,2
23,230,446.95035460992904,2.827977586161651,0.007892547163675729,23.3517260584224,0.0022373849571564585,2
24,240,446.95035460992904,2.9618935766058243,0.008078926350323966,24.467630518619988,0.0022373849571564585,2
25,250,456.87943262411346,3.140462879382764,0.00816873289176639,25.570329713902115,0.0021887612542688607,2
26,260,456.87943262411346,3.2715103607553697,0.00833321745800909,26.610459102193385,0.0021887612542688607,2
27,270,456.87943262411346,3.4005821208150397,0.008498838868151032,27.67872801679179,0.0021887612542688607,2
28,280,456.87943262411346,3.527649872252823,0.008663276915340372,28.760162156114877,0.0021887612542688607,2
29,290,466.80851063829783,3.700337607881142,0.00871176266530664,29.715029491283875,0.0021422060164083866,2
30,300,466.80851063829783,3.8279372218134435,0.008830269724973087,30.528961684107117,0.0021422060164083866,2
31,310,466.80851063829783,3.9566682165766647,0.00892564038037379,31.191974311110314,0.0021422060164083866,2
32,320,466.80851063829783,4.086276340470794,0.009005935949528842,31.75570820208337,0.0021422060164083866,2
33,330,466.80851063829783,4.216757660631439,0.009075056494177862,32.24502881501597,0.0021422060164083866,2
34,340,466.80851063829783,4.348308589753046,0.009135334221041255,32.67480290062597,0.0021422060164083866,2
35,350,466.80851063829783,4.4809138817391165,0.0091897910660544,33.065520994884615,0.0021422060164083866,2
36,360,466.80851063829783,4.613088735115587,0.009242261901964805,33.44418653755377,0.0021422060164083866,2
37,370,466.80851063829783,4.744818056626038,0.009291709359112074,33.80300645571677,0.0021422060164083866,2
38,380,466.80851063829783,4.8772702524483,0.009339009933625072,34.14803905738045,0.0021422060164083866,2
39,390,466.80851063829783,5.010115089406407,0.009385044899392533,34.485521997202795,0.0021422060164083866,2
40,400,466.80851063829783,5.143315286485727,0.00943080127862675,34.822607053389895,0.0021422060164083866,2
41,410,466.80851063829783,5.277214365361303,0.00947967709327812,35.18448375162449,0.0021422060164083866,2
42,420,466.80851063829783,5.4107105677899545,0.009525673733189495,35.526751590683176,0.0021422060164083866,2
43,430,466.80851063829783,5.543844633942195,0.00956786382043321,35.84215103072967,0.0021422060164083866,2
44,440,466.80851063829783,5.677154601470503,0.009612269248687653,36.175617194620095,0.0021422060164083866,2
45,450,466.80851063829783,5.810415959231241,0.009657370750623864,36.51589114308241,0.0021422060164083866,2
46,460,466.80851063829783,5.943561447141742,0.009703265973428276,36.86378856738726,0.0021422060164083866,2
47,470,466.80851063829783,6.076446225757184,0.009746148145335327,37.19033684074221,0.0021422060164083866,2
48,480,466.80851063829783,6.209128029497705,0.009789517391761704,37.522058769652745,0.0021422060164083866,2
49,490,466.80851063829783,0.058355393141555155,0.009833190293976713,37.85759164794406,0.0021422060164083866,2
50,500,466.80851063829783,0.19039458404405216,0.009878822704895441,38.20977472720254,0.0021422060164083866,2
51,510,466.80851063829783,0.3220134994944249,0.009924115286595824,38.56094746929807,0.0021422060164083866,2
52,520,466.80851063829783,0.45315802915600617,0.009968512269580397,38.90673529974684,0.0021422060164083866,2
53,530,466.80851063829783,0.5835878314371796,0.010014211913816413,39.264281039694794,0.0021422060164083866,2
54,540,466.80851063829783,0.7133615451168192,0.010058099479042092,39.60918880203539,0.0021422060164083866,2
55,550,466.80851063829783,0.8424381079227545,0.01009915991718215,39.933244124282965,0.0021422060164083866,2
56,560,476.73758865248226,0.9774304838985169,0.010035945209398657,40.27367751973381,0.002097590002975305,2
57,570,476.73758865248226,1.1044334441888626,0.010073662713544098,40.576962759700855,0.002097590002975305,2
58,580,476.73758865248226,1.2311622235887176,0.010104311870377676,40.824249498460574,0.002097590002975305,2
59,590,476.73758865248226,1.3578983627651664,0.010126873186219071,41.00676109870139,0.002097590002975305,2
60,600,476.73758865248226,1.4843124085103574,0.010143028114546522,41.137697799712775,0.002097590002975305,2
61,610,476.73758865248226,1.6104393274157671,0.010152397565162816,41.21373340651414,0.002097590002975305,2
62,620,476.73758865248226,1.736497628533391,0.010154595221515936,41.2315781423144,0.002097590002975305,2
63,630,476.73758865248226,1.862188165223482,0.010149364336033183,41.18911025297804,0.002097590002975305,2
64,640,486.66666666666663,1.9837482898052574,0.010033043881860233,41.088695565717465,0.0020547945205479454,2
65,650,486.66666666666663,2.1080417001892524,0.010023674085371198,41.01198645353858,0.0020547945205479454,2
66,660,486.66666666666663,2.2323531598774524,0.01000757050851455,40.88031633853439,0.0020547945205479454,2
67,670,486.66666666666663,2.3567185193837914,0.009984875446318923,40.695110685519296,0.0020547945205479454,2
68,680,486.66666666666663,2.4805885077720418,0.009952273113926257,40.42979150549093,0.0020547945205479454,2
69,690,486.66666666666663,2.6043307705106082,0.009910502332825886,40.09112717305076,0.0020547945205479454,2
70,700,486.66666666666663,2.7280325184987064,0.009859090335199794,39.676250391283986,0.0020547945205479454,2
71,710,486.66666666666663,2.8520602258396277,0.009801029441642453,39.210313813789654,0.0020547945205479454,2
72,720,486.66666666666663,2.981031012066572,0.009682242877871138,38.26563070385657,0.0020547945205479454,2
73,730,496.595744680851,3.0895337183309013,0.009584153846333925,38.25919925084046,0.0020137103684661527,2
74,740,496.595744680851,3.2122034964864454,0.009596684743040344,38.359309389750926,0.0020137103684661527,2
75,750,496.595744680851,3.338414203343825,0.009562084717440597,38.08320560814515,0.0020137103684661527,2
76,760,496.595744680851,3.468456497693973,0.00949699595455632,37.566508193239585,0.0020137103684661527,2
77,770,496.595744680851,3.5955708170577583,0.00945674548904514,37.2487518838533,0.0020137103684661527,2
78,780,496.595744680851,3.7232930856688142,0.009414998249095686,36.92060512281089,0.0020137103684661527,2
79,790,496.595744680851,3.8533021209426503,0.009368338736702824,36.55556443897992,0.0020137103684661527,2
80,800,496.595744680851,3.985657162996459,0.009322724594073182,36.20045530068887,0.0020137103684661527,2
81,810,506.5248226950354,4.094176599275688,0.009207030652514252,36.01349254278646,0.0019742369084290116,2
82,820,506.5248226950354,4.221045627207317,0.009184037819848355,35.83384325380236,0.0019742369084290116,2
83,830,506.5248226950354,4.34275979632268,0.009147104279995776,35.54621170435856,0.0019742369084290116,2
84,840,506.5248226950354,4.46249555303708,0.009098251005573798,35.167531968745095,0.0019742369084290116,2
85,850,506.5248226950354,4.581371657582634,0.009038701957876665,34.7086878071358,0.0019742369084290116,2
86,860,506.5248226950354,4.6995987648840885,0.00896677476863086,34.15848376504744,0.0019742369084290116,2
87,870,506.5248226950354,4.817085836326862,0.00887790104465345,33.48471929797236,0.0019742369084290116,2
88,880,506.5248226950354,4.935169116590314,0.008782549163860304,32.76930585396375,0.0019742369084290116,2
89,890,506.5248226950354,5.053933623449189,0.00868137382716128,32.01864714306341,0.0019742369084290116,2
90,900,506.5248226950354,5.173598294584387,0.008577967865429676,31.260426040116155,0.0019742369084290116,2
91,910,506.5248226950354,5.293993368766094,0.008467876122191739,30.46316724215593,0.0019742369084290116,2
92,920,506.5248226950354,5.415268931599985,0.008351930768106215,29.63465215895578,0.0019742369084290116,2
93,930,506.5248226950354,5.537534086635912,0.008213364569677873,28.659477183389154,0.0019742369084290116,2
94,940,506.5248226950354,5.661253282286935,0.008071664633573245,27.679120172908448,0.0019742369084290116,2
95,950,506.5248226950354,5.786582008690372,0.007928537489817884,26.706208226342895,0.0019742369084290116,2
96,960,506.5248226950354,5.912825549642088,0.007803329709817168,25.869377438990128,0.0019742369084290116,2
97,970,506.5248226950354,6.039857793643722,0.007690448476203879,25.12634950072835,0.0019742369084290116,2
98,980,516.4539007092199,6.134666636487545,0.007514647354768677,24.460994012794664,0.001936281241417193,2
99,990,516.4539007092199,6.263249642904141,0.00742617544257274,23.888413160878596,0.001936281241417193,2
100,1000,516.4539007092199,0.10860618058467432,0.007349546679281515,23.397960129709944,0.001936281241417193,2
101,1010,526.3829787234042,0.20624609166438218,0.007212912939532656,22.96934163767064,0.0018997574777687956,2
102,1020,526.3829787234042,0.33414937261712013,0.007166158398503628,22.672529399888433,0.0018997574777687956,2
103,1030,526.3829787234042,0.4604457415025235,0.007128186572708046,22.432892934308946,0.0018997574777687956,2
104,1040,536.3120567375886,0.5537841370418833,0.007041217964261541,22.30172552449999,0.0018645860883364192,2
105,1050,536.3120567375886,0.6745900285710931,0.007019427218855645,22.163902992102077,0.0018645860883364192,2
106,1060,536.3120567375886,0.7941578441749257,0.006997586563143258,22.02619344085289,0.0018645860883364192,2
107,1070,546.241134751773,0.8764798825078408,0.006917060564260563,21.92062273377661,0.0018306933264087253,2
108,1080,546.241134751773,0.9921038264795109,0.006895951726090597,21.78703626811144,0.0018306933264087253,2
109,1090,546.241134751773,1.1059611184095444,0.006862695924936199,21.57740652859605,0.0018306933264087253,2
110,1100,546.241134751773,1.2192978266233148,0.0068243228184969775,21.3367788665719,0.0018306933264087253,2
111,1110,546.241134751773,1.3311262219788282,0.006764657294437392,20.96531202456841,0.0018306933264087253,2
112,1120,546.241134751773,1.441935963557627,0.0066788518864678076,20.436821701251233,0.0018306933264087253,2
113,1130,546.241134751773,1.5528592947735071,0.006574939107462802,19.80583703072956,0.0018306933264087253,2
114,1140,546.241134751773,1.6644422168797364,0.006451356642395819,19.068293736002207,0.0018306933264087253,2
115,1150,546.241134751773,1.7773717382841983,0.006307540910041297,18.227616517623947,0.0018306933264087253,2
116,1160,546.241134751773,1.8924571472131597,0.0061447518611296315,17.29889771137969,0.0018306933264087253,2
117,1170,556.1702127659574,1.9694256137645503,0.0059204629525918,16.35100270927296,0.0017980107115531752,2
118,1180,556.1702127659574,2.092860319752791,0.005735429887226941,15.344933298809469,0.0017980107115531752,2
119,1190,566.0992907801418,2.1827288319645968,0.005521875607319397,14.477420147060412,0.0017664745677774994,2
120,1200,576.0283687943262,2.274722143722247,0.0053571013980138115,13.865289292102148,0.0017360256094557992,2
121,1210,585.9574468085106,2.3649995316532593,0.005235374599023334,13.470599699901058,0.0017066085693536676,2
122,1220,595.886524822695,2.4510923993599993,0.005144194916782382,13.2258540500067,0.0016781718638419424,2
123,1230,595.886524822695,2.563681997109707,0.005112945448998832,13.065655781418128,0.0016781718638419424,2
124,1240,605.8156028368794,2.638806632364505,0.005047265778979325,12.944286977006078,0.001650667291032545,2
125,1250,605.8156028368794,2.745795461762216,0.005026002595467997,12.835453005879252,0.001650667291032545,2
126,1260,615.7446808510638,2.8125508667286567,0.0049589666918230515,12.700136268613036,0.001624049758120249,2
127,1270,615.7446808510638,2.9113073955655477,0.004928555776505432,12.544846453244993,0.001624049758120249,2
128,1280,615.7446808510638,3.0100644616031142,0.00489636275876517,12.381497391125153,0.001624049758120249,2
129,1290,615.7446808510638,3.1084723285564797,0.004860978248068059,12.203189453791003,0.001624049758120249,2
130,1300,615.7446808510638,3.2072901170454418,0.0048252428302525035,12.024425793015048,0.001624049758120249,2
131,1310,615.7446808510638,3.306239892685797,0.004788137517727774,11.840205182413744,0.001624049758120249,2
132,1320,615.7446808510638,3.404594598280085,0.004744745788929136,11.62657764774784,0.001624049758120249,2
133,1330,615.7446808510638,3.5033431027400077,0.004701105836880385,11.41368954944533,0.001624049758120249,2
134,1340,615.7446808510638,3.6024569829921123,0.004657523511162667,11.203045765516357,0.001624049758120249,2
135,1350,625.6737588652481,3.6564406401997696,0.004573388676550517,10.97613637965329,0.0015982770346860125,2
136,1360,625.6737588652481,3.7547540928929104,0.00452889326860423,10.763597323869526,0.0015982770346860125,2
137,1370,625.6737588652481,3.8533601264387967,0.00448707326505696,10.565732029014526,0.0015982770346860125,2
138,1380,625.6737588652481,3.9521948671793203,0.004441075249963986,10.350218882555511,0.0015982770346860125,2
139,1390,625.6737588652481,4.051318212803532,0.004394079045313357,10.132322412380782,0.0015982770346860125,2
140,1400,635.6028368794326,4.101130264191068,0.0043134780071974665,9.918964423037766,0.0015733095291229637,2
141,1410,635.6028368794326,4.200135392993184,0.00426265283512421,9.68659369840937,0.0015733095291229637,2
0,0,625.6737588652481,0.13313601657578708,0.002727423172104544,3.191772298371648,0.0015982770346860125,3
1,10,635.6028368794326,0.26203792546631327,0.0027496875628404017,3.295576778283917,0.0015733095291229637,3
2,20,645.531914893617,0.39216035777497954,0.0027619318180131355,3.376933694824281,0.0015491100856954516,3
3,30,645.531914893617,0.4811540210405101,0.0027910523205966326,3.448518677806426,0.0015491100856954516,3
4,40,655.4609929078014,0.6093080352925296,0.0027954580313759698,3.5126243940763153,0.001525643800043281,3
5,50,655.4609929078014,0.7025240533198506,0.002813575922671843,3.5583039084965735,0.001525643800043281,3
6,60,655.4609929078014,0.7978361420288566,0.0028288809316494735,3.597121411526254,0.001525643800043281,3
7,70,645.531914893617,0.8612306555350152,0.0028652648606280235,3.6343451910048254,0.0015491100856954516,3
8,80,635.6028368794326,0.9293682478888877,0.0029024350615229192,3.6718908149677674,0.0015733095291229637,3
9,90,635.6028368794326,1.0332708249424776,0.0029202821845168226,3.7171866899209873,0.0015733095291229637,3
10,100,625.6737588652481,1.107201798508352,0.0029651123934942964,3.7723255875543855,0.0015982770346860125,3
11,110,625.6737588652481,1.2097752365739407,0.0029852305930306356,3.82368948383696,0.0015982770346860125,3
12,120,615.7446808510638,1.2822796213729655,0.0030292630484749267,3.8748380154770525,0.001624049758120249,3
13,130,615.7446808510638,1.383878764176819,0.0030476379904375746,3.921988669086969,0.001624049758120249,3
14,140,615.7446808510638,1.4848329020293844,0.003064397299865885,3.9652421984005497,0.001624049758120249,3
15,150,615.7446808510638,1.5821028803608743,0.003067415190829812,3.9730561728679206,0.001624049758120249,3
16,160,615.7446808510638,1.6764480116930391,0.003054235660081742,3.9389880597243243,0.001624049758120249,3
17,170,625.6737588652481,1.7871511209196989,0.0029959396361130203,3.851172454734633,0.0015982770346860125,3
18,180,645.531914893617,1.9044109192591134,0.0028948993733765704,3.709911686937538,0.0015491100856954516,3
19,190,685.2482269503546,2.0292265222961055,0.002744646069747934,3.5399695524969235,0.001459325191471745,3
20,200,774.6099290780141,2.1851191584792753,0.002546147035406497,3.4437286804432454,0.0012909723493865592,3
21,210,863.9716312056737,2.3133075883892524,0.002453398452246549,3.566272830310942,0.0011574454112625186,3
22,220,943.4042553191489,2.426094341556063,0.0024784004478686714,3.973925281078047,0.0010599909788001805,3
23,230,983.1205673758865,2.492974236029354,0.0025969723683789006,4.546951773061246,0.0010171692396479584,3
24,240,1012.9078014184396,2.557799749854641,0.0027281878802203384,5.170081331419683,0.0009872566867385523,3
25,250,1042.6950354609928,2.6324339178461336,0.0028496624557875264,5.806615318342428,0.0009590531900421712,3
26,260,1052.6241134751772,2.6771435363348197,0.002981833473019577,6.418284950636309,0.0009500067376364373,3
27,270,1072.482269503546,2.7413337998312266,0.003101800868226946,7.076147156257091,0.000932416347044042,3
28,280,1082.4113475177305,2.787175541251273,0.0032373415285577105,7.779439037764518,0.0009238631896212816,3
29,290,1092.340425531915,2.8392044781114687,0.0033436721159780048,8.374989704796281,0.0009154655239579276,3
30,300,1102.2695035460993,2.8932109695139068,0.0034373062104576806,8.931062856440837,0.0009072191481147858,3
31,310,1112.1985815602836,2.948897234198463,0.0035183859236915735,9.44165646035266,0.0008991200102027803,3
32,320,1122.127659574468,3.00909324504182,0.00357283176746595,9.823049000745538,0.0008911642017444066,3
33,330,1122.127659574468,3.052140521002191,0.0036338420980774385,10.161393736017429,0.0008911642017444066,3
34,340,1132.0567375886524,3.1142000032112773,0.003669628336908309,10.454211060176524,0.0008833479513845384,3
35,350,1132.0567375886524,3.160255065440785,0.003711543380861302,10.694394100071634,0.0008833479513845384,3
36,360,1132.0567375886524,3.20925797133004,0.003740505364056493,10.861946667328123,0.0008833479513845384,3
37,370,1132.0567375886524,3.2614251925012065,0.0037575986371095826,10.96144683038881,0.0008833479513845384,3
38,380,1132.0567375886524,3.317985840016301,0.0037613166260056867,10.983149361183397,0.0008833479513845384,3
39,390,1122.127659574468,3.360416438973087,0.003778367422309108,10.985745962677582,0.0008911642017444066,3
40,400,1122.127659574468,3.4206242348367257,0.0037765088095846797,10.974940647580993,0.0008911642017444066,3
41,410,1112.1985815602836,3.4664143194098975,0.003791975622339631,10.967113012535423,0.0008991200102027803,3
42,420,1112.1985815602836,3.5285260041870448,0.003791081754595496,10.961943151694914,0.0008991200102027803,3
43,430,1102.2695035460993,3.5776012417374212,0.0038077757853203346,10.959971780411609,0.0009072191481147858,3
44,440,1102.2695035460993,3.6428557813669746,0.0038083450598351567,10.96324912622294,0.0009072191481147858,3
45,450,1092.340425531915,3.695708437694995,0.0038287542568878345,10.981253069314068,0.0009154655239579276,3
46,460,1082.4113475177305,3.750111420943619,0.003852449921643113,11.01654084617895,0.0009238631896212816,3
47,470,1072.482269503546,3.807066652109708,0.0038803833030378273,11.074350990471435,0.000932416347044042,3
48,480,1062.5531914893616,3.8644206678491484,0.003912993378658725,11.157009800967678,0.0009411293552262717,3
49,490,1052.6241134751772,3.922044011423893,0.003950125260369312,11.263515425186046,0.0009500067376364373,3
50,500,456.87943262411346,6.144258421338617,0.006069815312304453,11.543339533615791,0.0021887612542688607,3
51,510,456.87943262411346,6.278997977146378,0.006167986310376048,11.91975471562086,0.0021887612542688607,3
52,520,456.87943262411346,0.12925079417271354,0.006269916215036932,12.316973047523389,0.0021887612542688607,3
53,530,456.87943262411346,0.261447001835609,0.006372256931037379,12.722342204226301,0.0021887612542688607,3
54,540,456.87943262411346,0.3926059346793754,0.006471971322268677,13.12362114944072,0.0021887612542688607,3
55,550,456.87943262411346,0.522809852269274,0.006568206009541077,13.516804983242483,0.0021887612542688607,3
56,560,466.80851063829783,0.7047540699460119,0.006589119330457767,13.898643626373078,0.0021422060164083866,3
57,570,466.80851063829783,0.8331350220327497,0.006680551354378453,14.287040881642088,0.0021422060164083866,3
58,580,466.80851063829783,0.9607399611401699,0.0067666369577805635,14.657618928833973,0.0021422060164083866,3
59,590,466.80851063829783,1.0882625388010096,0.006844644646213952,14.997521227672706,0.0021422060164083866,3
60,600,466.80851063829783,1.2152824498848953,0.006916366165939096,15.313470597313236,0.0021422060164083866,3
61,610,466.80851063829783,1.341886071608004,0.006981342686434052,15.602550123438006,0.0021422060164083866,3
62,620,466.80851063829783,1.46941231220264,0.007038363924887896,15.858463651836708,0.0021422060164083866,3
63,630,466.80851063829783,1.5964342474983209,0.007088771655571868,16.086429050441634,0.0021422060164083866,3
64,640,973.191489361702,4.865654590961946,0.004965635528182014,16.456098953421264,0.0010275470048097947,3
65,650,973.191489361702,4.928457642843276,0.005044995654661135,16.98630054034691,0.0010275470048097947,3
66,660,973.191489361702,4.990233930232081,0.0051340599690220074,17.591346586617295,0.0010275470048097947,3
67,670,973.191489361702,5.050797198984233,0.0052327277829038385,18.273994746178303,0.0010275470048097947,3
68,680,973.191489361702,5.110195076717807,0.00533557683033081,18.999403525017566,0.0010275470048097947,3
69,690,973.191489361702,5.169098658764172,0.005428418519768353,19.666354246972563,0.0010275470048097947,3
70,700,973.191489361702,5.227709766951293,0.005511428412443417,20.272417996946327,0.0010275470048097947,3
71,710,983.1205673758865,5.296774174794577,0.005569214306102691,20.91093973957471,0.0010171692396479584,3
72,720,993.0496453900709,5.391947579375083,0.0054595235224161615,20.298285287991153,0.0010069990001428369,3
73,730,983.1205673758865,5.431652858139811,0.005538001418880892,20.677204152473035,0.0010171692396479584,3
74,740,973.191489361702,5.475897776932372,0.005604565431503713,20.963369939605904,0.0010275470048097947,3
75,750,973.191489361702,5.535556533770832,0.005625745251635912,21.122111720932708,0.0010275470048097947,3
76,760,973.191489361702,5.6003153517153565,0.005629202683537975,21.14808186363901,0.0010275470048097947,3
77,770,973.191489361702,5.669266156583674,0.005622033207485004,21.09424684603451,0.0010275470048097947,3
78,780,983.1205673758865,5.753852687572762,0.005576802075155742,20.967958723146484,0.0010171692396479584,3
79,790,1002.9787234042552,5.847836186046592,0.005511625843733843,20.894408655773926,0.00099703012303776,3
80,800,1012.9078014184396,5.935724507689034,0.005487804126417057,20.919246064556123,0.0009872566867385523,3
81,810,1032.7659574468084,6.029971489995307,0.005457537033812629,21.09474138355998,0.0009682735887927484,3
82,820,1042.6950354609928,6.10355997466054,0.005450294343731807,21.241057192703458,0.0009590531900421712,3
83,830,1042.6950354609928,6.160201318978909,0.00544813202647873,21.22420643545359,0.0009590531900421712,3
84,840,1032.7659574468084,6.2091052385933825,0.005461716203167344,21.127060816432888,0.0009682735887927484,3
85,850,1022.8368794326241,6.256745826553115,0.005470026566886016,20.987666682832973,0.000977672999583969,3
86,860,1012.9078014184396,0.01988900655952327,0.0054734213983481635,20.80973721731273,0.0009872566867385523,3
87,870,1002.9787234042552,0.06768433265553261,0.005478686497732859,20.645410783490895,0.00099703012303776,3
88,880,993.0496453900709,0.11653426906292425,0.005484647944540922,20.48553831173928,0.0010069990001428369,3
89,890,993.0496453900709,0.16977904049090176,0.005464171279255993,20.33286033869314,0.0010069990001428369,3
90,900,983.1205673758865,0.22080892407270566,0.005471730020651296,20.185290870035494,0.0010171692396479584,3
91,910,973.191489361702,0.2718445497511467,0.005476908671040257,20.01926870440518,0.0010275470048097947,3
92,920,963.2624113475176,0.32286109231725163,0.0054798702750303244,19.83645571578802,0.0010381387130025035,3
93,930,953.3333333333333,0.37319255710683824,0.0054790630194981715,19.62620262237089,0.001048951048951049,3
94,940,943.4042553191489,0.4244337816066322,0.005479469470600608,19.42467505463282,0.0010599909788001805,3
95,950,933.4751773049645,0.4765984543603894,0.005481097159446965,19.23165605888202,0.0010712657650812946,3
96,960,923.54609929078,0.5281821812399127,0.005479722348154209,19.01755121146984,0.001082782982644755,3
97,970,913.6170212765957,0.5822965104515029,0.005484681514800977,18.84716004988365,0.0010945505356311134,3
98,980,893.7588652482269,0.6332887633196321,0.00552041823289147,18.678553226185272,0.0011188700206316458,3
99,990,883.8297872340424,0.6889238265291174,0.005527769331853736,18.520272264442475,0.0011314395763119885,3
100,1000,873.9007092198581,0.7459541981361709,0.005537620508964578,18.37754018514342,0.0011442947573445871,3
101,1010,863.9716312056737,0.8024565287978748,0.005545086118551277,18.21776022573241,0.0011574454112625186,3
102,1020,844.1134751773048,0.8551946855673096,0.005587164250613818,18.070185860028392,0.001184674844563939,3
103,1030,824.2553191489361,0.9098508043626485,0.0056367336009061,17.95955977120333,0.001213216313887455,3
104,1040,804.3971631205674,0.965347484629931,0.005691690115219029,17.87030366674831,0.0012431669899488627,3
105,1050,784.5390070921985,1.0215653633611375,0.005753630239021057,17.810550634260267,0.0012746338817573677,3
106,1060,764.6808510638298,1.0802446453535661,0.005825676716275344,17.79720835024418,0.0013077351140790205,3
107,1070,734.8936170212766,1.1365061672400727,0.005949231505176634,17.837135936819795,0.0013607411696583672,3
108,1080,705.1063829787233,1.1975650616888243,0.006088559753809406,17.925145924553604,0.0014182257091128548,3
109,1090,685.2482269503546,1.2694519590120203,0.006196791988019675,18.045157012341388,0.001459325191471745,3
110,1100,675.3191489361701,1.350693006395971,0.006261479817076615,18.156910090621242,0.0014807813484562068,3
111,1110,665.3900709219857,1.437375727145401,0.006319475311444908,18.222890580583094,0.001502877851204434,3
112,1120,665.3900709219857,1.5292778706741523,0.006320279299011941,18.227527645755906,0.001502877851204434,3
113,1130,665.3900709219857,1.6220670882900279,0.0063179143249855844,18.213889145865505,0.001502877851204434,3
114,1140,665.3900709219857,1.7140771159697223,0.00631557066491346,18.200378596322885,0.001502877851204434,3
115,1150,665.3900709219857,1.8068632214946627,0.0063112980601050875,18.175761115135636,0.001502877851204434,3
116,1160,665.3900709219857,1.899208521118172,0.006306089827613197,18.145775356457612,0.001502877851204434,3
117,1170,675.3191489361701,1.985521209353378,0.006253982551191764,18.113455287690428,0.0014807813484562068,3
118,1180,675.3191489361701,2.0782266744134614,0.006249560391600919,18.087848477947574,0.0014807813484562068,3
119,1190,685.2482269503546,2.1619654100495937,0.006200647042368428,18.06761595546222,0.001459325191471745,3
120,1200,685.2482269503546,2.2521961007331175,0.006193194134955438,18.024209084376764,0.001459325191471745,3
121,1210,685.2482269503546,2.3410839489750135,0.006179072219656154,17.942104067934086,0.001459325191471745,3
122,1220,685.2482269503546,2.430193041089173,0.006164338313513141,17.856640720054788,0.001459325191471745,3
123,1230,685.2482269503546,2.5191550348936596,0.006147005416441756,17.756363232570795,0.001459325191471745,3
124,1240,685.2482269503546,2.6080725900174593,0.0061274028974315,17.643295344874268,0.001459325191471745,3
125,1250,685.2482269503546,2.6973552498007516,0.006108942245963555,17.537143982993875,0.001459325191471745,3
126,1260,685.2482269503546,2.787011082525529,0.006092850258591846,17.444874062273,0.001459325191471745,3
127,1270,685.2482269503546,2.875962382940461,0.006065976329883536,17.291324121163267,0.001459325191471745,3
128,1280,685.2482269503546,2.964714379204663,0.006031717148878114,17.09656115409509,0.001459325191471745,3
129,1290,685.2482269503546,3.0538598254860223,0.006000214091159402,16.918440254758316,0.001459325191471745,3
130,1300,695.177304964539,3.12177552650575,0.005944973731934605,16.849009456305406,0.0014384819424607224,3
131,1310,695.177304964539,3.210146529539922,0.005934167577682708,16.787812375641163,0.0014384819424607224,3
132,1320,695.177304964539,3.2983116773977685,0.005925080327757637,16.736435923036836,0.0014384819424607224,3
133,1330,695.177304964539,3.3860114365934035,0.0059229135273584105,16.724197140413896,0.0014384819424607224,3
134,1340,695.177304964539,3.4730098184935994,0.005927180851386549,16.74830462647831,0.0014384819424607224,3
135,1350,695.177304964539,3.559791611135368,0.005926219609067999,16.742872744398117,0.0014384819424607224,3
136,1360,695.177304964539,3.6460832588224616,0.005924677202988136,16.73415860628093,0.0014384819424607224,3
137,1370,695.177304964539,3.731848602670366,0.005922303490127251,16.720752262325856,0.0014384819424607224,3
138,1380,695.177304964539,3.816235762081451,0.005925603284908308,16.739390423097827,0.0014384819424607224,3
139,1390,695.177304964539,3.9000797861162657,0.005926120203056982,16.742311061455702,0.0014384819424607224,3
140,1400,695.177304964539,3.9833806559509517,0.005923645619029245,16.728331727910017,0.0014384819424607224,3
141,1410,695.177304964539,4.065272625524752,0.005922291145485346,16.720682555839428,0.0014384819424607224,3
0,0,466.80851063829783,6.191176832874731,0.00621720292975744,13.415376236587747,0.0021422060164083866,4
1,10,466.80851063829783,0.0410620516122899,0.006320022334067052,13.862769338469752,0.0021422060164083866,4
2,20,466.80851063829783,0.1740100403964851,0.006419884231551414,14.304318259467005,0.0021422060164083866,4
3,30,466.80851063829783,0.30661985617581045,0.0065224747937702955,14.765140704673579,0.0021422060164083866,4
4,40,466.80851063829783,0.4387500957606141,0.006627221000820296,15.2431835060879,0.0021422060164083866,4
5,50,456.87943262411346,0.48494814656287283,0.006800887068768003,15.7111053280708,0.0021887612542688607,4
6,60,456.87943262411346,0.6193264165586903,0.006902685583925256,16.18496621572029,0.0021887612542688607,4
7,70,456.87943262411346,0.7533201486042853,0.007002911230947363,16.65838350596949,0.0021887612542688607,4
8,80,456.87943262411346,0.886307847265947,0.0071030600339532434,17.13825435819744,0.0021887612542688607,4
9,90,456.87943262411346,1.0195449912602212,0.0071980352436366345,17.599630544292673,0.0021887612542688607,4
10,100,456.87943262411346,1.1531152341881974,0.007288293535069802,18.04377174201491,0.0021887612542688607,4
11,110,456.87943262411346,1.2868829774885466,0.007374520075415143,18.473242786945793,0.0021887612542688607,4
12,120,456.87943262411346,1.4206318840682286,0.0074568931198512895,18.888238170206336,0.0021887612542688607,4
13,130,456.87943262411346,1.5544002214455706,0.007535284578378985,19.28745521882248,0.0021887612542688607,4
14,140,446.95035460992904,1.623457484932266,0.007694910704314782,19.67616522593298,0.0022373849571564585,4
15,150,446.95035460992904,1.761070429259818,0.0077723589999852275,20.07423464542936,0.0022373849571564585,4
16,160,446.95035460992904,1.899345078291564,0.007851253519463197,20.48383619108039,0.0022373849571564585,4
17,170,446.95035460992904,2.0375733060307897,0.007927476270330512,20.88349551488154,0.0022373849571564585,4
18,180,446.95035460992904,2.1764905317970173,0.008010784851772847,21.324724433842732,0.0022373849571564585,4
19,190,446.95035460992904,2.315756819561635,0.008102864062755299,21.817771953227513,0.0022373849571564585,4
20,200,437.02127659574467,2.4027703365007262,0.008295536366008039,22.359677233990567,0.002288218111002921,4
21,210,437.02127659574467,2.543353196197995,0.008413853664653552,23.00204749840487,0.002288218111002921,4
22,220,446.95035460992904,2.7318194070409776,0.008451765753742239,23.73712930287104,0.0022373849571564585,4
23,230,446.95035460992904,2.8687838862243846,0.008580662363560157,24.466673070271867,0.0022373849571564585,4
24,240,446.95035460992904,3.0049827960968933,0.008699349410131892,25.148196277335046,0.0022373849571564585,4
25,250,446.95035460992904,3.1406743799632673,0.008807127169012796,25.775187105292268,0.0022373849571564585,4
26,260,446.95035460992904,3.2746183192307696,0.008924500000556295,26.46677831531522,0.0022373849571564585,4
27,270,446.95035460992904,3.4069707242047698,0.00904303282113831,27.174496504646235,0.0022373849571564585,4
28,280,456.87943262411346,3.5763691130227415,0.009069436850561264,27.940633971276498,0.0021887612542688607,4
29,290,456.87943262411346,3.7050534145689724,0.009183892202759987,28.650299650784483,0.0021887612542688607,4
30,300,456.87943262411346,3.8339534506798354,0.00928132938097416,29.2614595286696,0.0021887612542688607,4
31,310,466.80851063829783,3.9970365574892646,0.009268427653923572,29.814319399620924,0.0021422060164083866,4
32,320,466.80851063829783,4.122974208791586,0.009356845982497008,30.38587401219409,0.0021422060164083866,4
33,330,466.80851063829783,4.2495118931689895,0.009430209898982586,30.8642330746633,0.0021422060164083866,4
34,340,466.80851063829783,4.376870783422008,0.009490504177485596,31.26017035585809,0.0021422060164083866,4
35,350,476.73758865248226,4.531805421471379,0.009443047970966397,31.60660093589504,0.002097590002975305,4
36,360,476.73758865248226,4.658061478276858,0.009491175116977313,31.92959236596899,0.002097590002975305,4
37,370,476.73758865248226,4.784215724076665,0.009532361049894756,32.207303669806585,0.002097590002975305,4
38,380,476.73758865248226,4.911444933691943,0.009566734542778555,32.440000179473934,0.002097590002975305,4
39,390,476.73758865248226,5.039171467961836,0.009596153651578211,32.6398224453661,0.002097590002975305,4
40,400,476.73758865248226,5.16740868038185,0.009621901416638016,32.815211453641396,0.002097590002975305,4
41,410,476.73758865248226,5.296888858141777,0.009648318089228898,32.99564537034386,0.002097590002975305,4
42,420,476.73758865248226,5.426347770392926,0.00967202169462694,33.15796930824986,0.002097590002975305,4
43,430,476.73758865248226,5.5557797390355095,0.009693008717735091,33.30202234743548,0.002097590002975305,4
44,440,476.73758865248226,5.685381968794957,0.009713255128596856,33.44128779484649,0.002097590002975305,4
45,450,476.73758865248226,5.815107821645184,0.009733399028870314,33.580136506585,0.002097590002975305,4
46,460,476.73758865248226,5.944889596931517,0.009753896181998716,33.721715399216016,0.002097590002975305,4
47,470,476.73758865248226,6.07444802859846,0.00977027355618126,33.83505201684197,0.002097590002975305,4
48,480,476.73758865248226,6.203855804737341,0.00978325260439232,33.925006193658355,0.002097590002975305,4
49,490,476.73758865248226,0.049947528907140194,0.009792656732260697,33.990258200315935,0.002097590002975305,4
50,500,476.73758865248226,0.17911736217422564,0.009802773584415598,34.060525555883096,0.002097590002975305,4
51,510,476.73758865248226,0.3080241904017614,0.009818536954024812,34.17015582272739,0.002097590002975305,4
52,520,486.66666666666663,0.43255399692260216,0.00974193179313494,34.33964301179137,0.0020547945205479454,4
53,530,486.66666666666663,0.5592442608228309,0.009765641776147133,34.50699855550463,0.0020547945205479454,4
54,540,486.66666666666663,0.6854328191820018,0.00978970965714774,34.677296375098855,0.0020547945205479454,4
55,550,486.66666666666663,0.8110402218238059,0.00981355458174122,34.846429998952246,0.0020547945205479454,4
56,560,486.66666666666663,0.9360380795237911,0.00983579142590663,35.00452817502779,0.0020547945205479454,4
57,570,486.66666666666663,1.0601555334320723,0.009858381163432114,35.165501728498036,0.0020547945205479454,4
58,580,486.66666666666663,1.183288617127756,0.00987999717533318,35.31988230086444,0.0020547945205479454,4
59,590,496.595744680851,1.2961175705320311,0.00979244427387475,35.40456127555185,0.0020137103684661527,4
60,600,496.595744680851,1.4175507442903916,0.00980831662108448,35.51942716651294,0.0020137103684661527,4
61,610,496.595744680851,1.5385070784008972,0.009818238781904779,35.59132691083298,0.0020137103684661527,4
62,620,496.595744680851,1.6596697561416889,0.009818594331638328,35.59390470838112,0.0020137103684661527,4
63,630,496.595744680851,1.7799013428314612,0.009814873122667456,35.56692991879868,0.0020137103684661527,4
64,640,496.595744680851,1.8991710436827478,0.009805481417509254,35.498895559335644,0.0020137103684661527,4
65,650,506.5248226950354,2.0027751457509866,0.0096987533472934,35.42473160365478,0.0019742369084290116,4
66,660,506.5248226950354,2.120427255865284,0.009686079747080138,35.33221135138808,0.0019742369084290116,4
67,670,506.5248226950354,2.2376357630631074,0.009665939314637136,35.18543036113733,0.0019742369084290116,4
68,680,506.5248226950354,2.353224913494909,0.009637111217940116,34.975866372067955,0.0019742369084290116,4
69,690,516.4539007092199,2.4486425737557793,0.00951010727507621,34.72773024874741,0.001936281241417193,4
70,700,516.4539007092199,2.5615954975167905,0.009477787823224422,34.49209167911928,0.001936281241417193,4
71,710,516.4539007092199,2.6737862744467473,0.009434279679858184,34.17614403019667,0.001936281241417193,4
72,720,516.4539007092199,2.7996411979986404,0.009312394070209765,33.298775156319614,0.001936281241417193,4
73,730,516.4539007092199,2.914835049253343,0.009335523001575594,33.46438702755887,0.001936281241417193,4
74,740,516.4539007092199,3.0303817011724585,0.00934181804594912,33.50953304162358,0.001936281241417193,4
75,750,516.4539007092199,3.150705930582447,0.009302250083402264,33.22626998519591,0.001936281241417193,4
76,760,526.3829787234042,3.2522149953294988,0.009141816981512858,32.707013342526096,0.0018997574777687956,4
77,770,526.3829787234042,3.3710271340444753,0.009107052310357255,32.45872865886899,0.0018997574777687956,4
78,780,526.3829787234042,3.492031148221337,0.009068018484892776,32.18108160455498,0.0018997574777687956,4
79,790,526.3829787234042,3.6138636414114247,0.009030362450975658,31.914364944172004,0.0018997574777687956,4
80,800,526.3829787234042,3.7364516953703584,0.008996024507682962,31.67211771867432,0.0018997574777687956,4
81,810,526.3829787234042,3.8614875756438427,0.008970118430779652,31.48996638972621,0.0018997574777687956,4
82,820,536.3120567375886,3.9508922177400456,0.008857068340105967,31.28034666180131,0.0018645860883364192,4
83,830,536.3120567375886,4.065613851967139,0.008810182652843234,30.950052550030748,0.0018645860883364192,4
84,840,536.3120567375886,4.177428400368769,0.008739602554546644,30.45614503923045,0.0018645860883364192,4
85,850,526.3829787234042,4.322113031803663,0.008734507577101628,29.857448710535508,0.0018997574777687956,4
86,860,526.3829787234042,4.433092791901488,0.008633743544619668,29.172532457439424,0.0018997574777687956,4
87,870,526.3829787234042,4.544588250648886,0.008524629642781403,28.439822592839633,0.0018997574777687956,4
88,880,526.3829787234042,4.657501928074846,0.008417690789209288,27.73076051590846,0.0018997574777687956,4
89,890,526.3829787234042,4.771707457569177,0.00831458750696046,27.05560563216013,0.0018997574777687956,4
90,900,526.3829787234042,4.88664064110333,0.008207364280188255,26.362297863864182,0.0018997574777687956,4
91,910,526.3829787234042,5.002404732171682,0.008097630006209463,25.66207096702409,0.0018997574777687956,4
92,920,526.3829787234042,5.119050857276989,0.007986200441021808,24.960670961166507,0.0018997574777687956,4
93,930,526.3829787234042,5.23664004185963,0.007858965474928294,24.171667128925687,0.0018997574777687956,4
94,940,536.3120567375886,5.319002444413369,0.007663859506225371,23.419986233778474,0.0018645860883364192,4
95,950,536.3120567375886,5.438901201530725,0.007548913122045955,22.72272542578212,0.0018645860883364192,4
96,960,536.3120567375886,5.5604796663905764,0.007430698853801692,22.016632227255062,0.0018645860883364192,4
97,970,536.3120567375886,5.682949181741044,0.007322086583997237,21.37771517094966,0.0018645860883364192,4
98,980,536.3120567375886,5.807046149386266,0.007215861779456081,20.761942190207947,0.0018645860883364192,4
99,990,536.3120567375886,5.932376173635727,0.007116903623340022,20.196389395158306,0.0018645860883364192,4
100,1000,546.241134751773,6.024449923880307,0.006975132056327908,19.758923325654738,0.0018306933264087253,4
101,1010,546.241134751773,6.150118521992232,0.006910911954280869,19.39675710916075,0.0018306933264087253,4
102,1020,556.1702127659574,6.245379596072902,0.006792749383537472,19.07976030767571,0.0017980107115531752,4
103,1030,556.1702127659574,0.08687363134303223,0.006761889935860394,18.906795461237085,0.0017980107115531752,4
104,1040,556.1702127659574,0.21119158277424646,0.006740634035784582,18.788115830100736,0.0017980107115531752,4
105,1050,566.0992907801418,0.2974495869219718,0.006665585814583468,18.70007139353502,0.0017664745677774994,4
106,1060,566.0992907801418,0.41665542513542775,0.006664986418677251,18.69670837561474,0.0017664745677774994,4
107,1070,566.0992907801418,0.5343888361295136,0.006666892439667827,18.707403495433987,0.0017664745677774994,4
108,1080,566.0992907801418,0.649816359035692,0.0066646472271156484,18.694805414695928,0.0017664745677774994,4
109,1090,576.0283687943262,0.7225097410832522,0.006587241918691586,18.583397002541613,0.0017360256094557992,4
110,1100,576.0283687943262,0.8311005576169205,0.0065562979905189975,18.40921404084266,0.0017360256094557992,4
111,1110,576.0283687943262,0.9377147448937028,0.006498704419010693,18.087204421477868,0.0017360256094557992,4
112,1120,576.0283687943262,1.0420544523114343,0.0063906429151000185,17.490691559141005,0.0017360256094557992,4
113,1130,576.0283687943262,1.1457686056135317,0.00623241427340825,16.63529494289199,0.0017360256094557992,4
114,1140,566.0992907801418,1.2921432354901539,0.006120503510792713,15.766704180210784,0.0017664745677774994,4
115,1150,566.0992907801418,1.3989111645264718,0.0059361181831143195,14.831043002745021,0.0017664745677774994,4
116,1160,566.0992907801418,1.5083514166273118,0.0057155814322928855,13.74951724226112,0.0017664745677774994,4
117,1170,566.0992907801418,1.6222063846296153,0.0054626245470688044,12.559412379976003,0.0017664745677774994,4
118,1180,576.0283687943262,1.7094329345069204,0.0051571964927293115,11.390564183140475,0.0017360256094557992,4
119,1190,576.0283687943262,1.836654918348289,0.0049310945589746144,10.413687467045163,0.0017360256094557992,4
120,1200,585.9574468085106,1.9406768901002347,0.0047131665505855,9.677555204907575,0.0017066085693536676,4
121,1210,595.886524822695,2.049417647887717,0.004550964582644912,9.175811467119528,0.0016781718638419424,4
122,1220,615.7446808510638,2.1329615982035346,0.004416273751952284,8.928667432337138,0.001624049758120249,4
123,1230,625.6737588652481,2.2315208881112696,0.004354218047309436,8.819466066776549,0.0015982770346860125,4
124,1240,635.6028368794326,2.321681855747425,0.004310721539842582,8.781319359108632,0.0015733095291229637,4
125,1250,645.531914893617,2.4039523337863793,0.004272232819989414,8.75994840654249,0.0015491100856954516,4
126,1260,645.531914893617,2.4987597900455336,0.004255800600716231,8.692691507546014,0.0015491100856954516,4
127,1270,645.531914893617,2.5905331178370195,0.004231635105590712,8.594253249575935,0.0015491100856954516,4
128,1280,645.531914893617,2.680873315521135,0.004201053238229938,8.470481430288684,0.0015491100856954516,4
129,1290,635.6028368794326,2.798597328068945,0.004200823626654239,8.339283311996391,0.0015733095291229637,4
130,1300,635.6028368794326,2.890663265569069,0.004166271948751839,8.202666638937558,0.0015733095291229637,4
131,1310,635.6028368794326,2.9822731721574542,0.004126141650889432,8.045408485728146,0.0015733095291229637,4
132,1320,635.6028368794326,3.073637871393231,0.004080235402280203,7.867382620842195,0.0015733095291229637,4
133,1330,625.6737588652481,3.1985789075322955,0.004070206953029196,7.7064600297723755,0.0015982770346860125,4
134,1340,625.6737588652481,3.2942078299392565,0.004032871466195226,7.565727722748588,0.0015982770346860125,4
135,1350,625.6737588652481,3.390957420245671,0.003999262428188096,7.440151051172909,0.0015982770346860125,4
136,1360,625.6737588652481,3.4877641583330203,0.003962395576276935,7.303610541576799,0.0015982770346860125,4
137,1370,635.6028368794326,3.548448638774793,0.0038916920898507856,7.157094902382872,0.0015733095291229637,4
138,1380,635.6028368794326,3.645007290324422,0.0038567564932555196,7.0291736353678695,0.0015733095291229637,4
139,1390,635.6028368794326,3.741891593741046,0.0038223403951345237,6.904282500758237,0.0015733095291229637,4
140,1400,635.6028368794326,3.8390471538271735,0.003788646913043465,6.783098098128445,0.0015733095291229637,4
141,1410,635.6028368794326,3.9363385419689596,0.0037576363117753906,6.672511341592806,0.0015733095291229637,4
0,0,417.16312056737587,5.736337316496177,0.001033977766317291,4.767653583074668,0.002397143828629718,5
1,10,417.16312056737587,5.882510162416005,0.0010572033032318457,4.9842442273006675,0.002397143828629718,5
2,20,417.16312056737587,6.027687060731714,0.001080292986724875,5.204336928770552,0.002397143828629718,5
3,30,417.16312056737587,6.172379734605287,0.0011026411429831385,5.421889701115985,0.002397143828629718,5
4,40,417.16312056737587,0.03350894042534649,0.0011241246445274156,5.6352245965073,0.002397143828629718,5
5,50,417.16312056737587,0.17737736305196283,0.0011446914584993593,5.843313349447836,0.002397143828629718,5
6,60,417.16312056737587,0.320825425188305,0.0011642104150148872,6.044289426328172,0.002397143828629718,5
7,70,417.16312056737587,0.46396588246782816,0.0011825333873441098,6.236043190075192,0.002397143828629718,5
8,80,427.09219858156024,0.6994257936119109,0.001185545158378524,6.417032298948625,0.0023414148123546996,5
9,90,427.09219858156024,0.8384653531860581,0.0012013105522154185,6.588834614544861,0.0023414148123546996,5
10,100,427.09219858156024,0.9775295243981709,0.0012155929652089821,6.7464355981189446,0.0023414148123546996,5
11,110,427.09219858156024,1.1166814072216258,0.0012283153198395667,6.888390509721071,0.0023414148123546996,5
12,120,427.09219858156024,1.2572529863961504,0.0012404131233522068,7.02474764546913,0.0023414148123546996,5
13,130,427.09219858156024,1.399152719229089,0.0012523148792422062,7.160199187520754,0.0023414148123546996,5
14,140,427.09219858156024,1.542424481952593,0.001264738571443152,7.3029705631101045,0.0023414148123546996,5
15,150,427.09219858156024,1.6883254281762154,0.0012813013426754957,7.49549959802448,0.0023414148123546996,5
16,160,427.09219858156024,1.835736297522525,0.0013030304495217223,7.751881974269765,0.0023414148123546996,5
17,170,427.09219858156024,1.9821253410317452,0.0013244833400934337,8.00923474252177,0.0023414148123546996,5
18,180,427.09219858156024,2.1290107334853836,0.0013611636055418158,8.458993276342484,0.0023414148123546996,5
19,190,427.09219858156024,2.2731683037964032,0.0014137239795095808,9.124882310763589,0.0023414148123546996,5
20,200,437.02127659574467,2.4805629827008193,0.0014505199547743992,9.829385793979137,0.002288218111002921,5
21,210,437.02127659574467,2.6183836767092643,0.0015117895069943128,10.677304268116165,0.002288218111002921,5
22,220,446.95035460992904,2.822793374962973,0.0015616986585487293,11.652796036337113,0.0022373849571564585,5
23,230,446.95035460992904,2.9548988646115513,0.0016248926428627513,12.614934938223382,0.0022373849571564585,5
24,240,446.95035460992904,3.084281239504802,0.0016844184155769832,13.556127102111823,0.0022373849571564585,5
25,250,456.87943262411346,3.28654123869762,0.0017224682885300133,14.490402938864566,0.0021887612542688607,5
26,260,456.87943262411346,3.413271658362687,0.0017749395770632614,15.386687681869464,0.0021887612542688607,5
27,270,456.87943262411346,3.540150369220032,0.001819923499676245,16.176488662758832,0.0021887612542688607,5
28,280,456.87943262411346,3.6680574427873984,0.0018578277122020005,16.857332981270126,0.0021887612542688607,5
29,290,466.80851063829783,3.8690954849043546,0.001871635456887922,17.48065403090006,0.0021422060164083866,5
30,300,466.80851063829783,3.9984688092776217,0.0019001967990273465,18.01823777960149,0.0021422060164083866,5
31,310,466.80851063829783,4.130558616358874,0.001923549548366333,18.463834763326012,0.0021422060164083866,5
32,320,466.80851063829783,4.265802457393594,0.0019432107673371794,18.843213374512985,0.0021422060164083866,5
33,330,466.80851063829783,4.402098845718607,0.0019623269200461676,19.215773587927632,0.0021422060164083866,5
34,340,456.87943262411346,4.475817739459736,0.002003407423278979,19.602729600690893,0.0021887612542688607,5
35,350,456.87943262411346,4.614958640539933,0.0020245675871491545,20.019007914020463,0.0021887612542688607,5
36,360,456.87943262411346,4.754352561388505,0.002046515917429307,20.455412684604106,0.0021887612542688607,5
37,370,456.87943262411346,4.893900086106571,0.002069418277587167,20.915803503917086,0.0021887612542688607,5
38,380,456.87943262411346,5.033929200498162,0.0020939590936391037,21.414817549328756,0.0021887612542688607,5
39,390,456.87943262411346,5.173716138902112,0.0021196080512829547,21.94265187731466,0.0021887612542688607,5
40,400,456.87943262411346,5.313160354800595,0.0021463278069695974,22.499356459620934,0.0021887612542688607,5
41,410,456.87943262411346,5.4516262410974035,0.0021723673470389177,23.04859859948212,0.0021887612542688607,5
42,420,456.87943262411346,5.589368899013303,0.0021977583707683394,23.590539756403203,0.0021887612542688607,5
43,430,456.87943262411346,5.726494574400348,0.0022221850624468023,24.11784167790432,0.0021887612542688607,5
44,440,456.87943262411346,5.863027053788955,0.0022442800718903764,24.599829573520676,0.0021887612542688607,5
45,450,456.87943262411346,5.999332500498409,0.0022671099872810098,25.10285816703344,0.0021887612542688607,5
46,460,456.87943262411346,6.135289070622847,0.0022906228880478154,25.626257386895528,0.0021887612542688607,5
47,470,456.87943262411346,6.270885688995948,0.0023135683337751427,26.142231416621115,0.0021887612542688607,5
48,480,456.87943262411346,0.12294007963730326,0.0023359860376444054,26.651304870203493,0.0021887612542688607,5
49,490,456.87943262411346,0.25783500968952255,0.002357762277816781,27.150511895235166,0.0021887612542688607,5
50,500,456.87943262411346,0.3922944581998785,0.002379148032952772,27.645275498512028,0.0021887612542688607,5
51,510,456.87943262411346,0.5262523403678552,0.0024000944024457783,28.13420451672462,0.0021887612542688607,5
52,520,456.87943262411346,0.6596846642533893,0.0024203920737832087,28.6120803594485,0.0021887612542688607,5
53,530,456.87943262411346,0.7929829617643512,0.0024391978181836443,29.05842275619068,0.0021887612542688607,5
54,540,456.87943262411346,0.9262762794717392,0.00245644577816346,29.47082927497526,0.0021887612542688607,5
55,550,456.87943262411346,1.0596278691154752,0.002472206491135817,29.850215912517026,0.0021887612542688607,5
56,560,456.87943262411346,1.192914166028455,0.002486642689774948,30.199848368632644,0.0021887612542688607,5
57,570,456.87943262411346,1.3262114138017376,0.002499747313522016,30.518993917338715,0.0021887612542688607,5
58,580,456.87943262411346,1.4595486883775581,0.0025115511167388186,30.80789569830785,0.0021887612542688607,5
59,590,456.87943262411346,1.5929697247655363,0.0025221015216698468,31.067272041445026,0.0021887612542688607,5
60,600,456.87943262411346,1.7257887630665703,0.0025307492472732714,31.28068282717106,0.0021887612542688607,5
61,610,456.87943262411346,1.8580864368411107,0.0025370654333563038,31.437016896897212,0.0021887612542688607,5
62,620,466.80851063829783,2.0120134774299423,0.0025152510626454227,31.570236245740247,0.0021422060164083866,5
63,630,466.80851063829783,2.1424946847682036,0.0025194222286471684,31.67503205534736,0.0021422060164083866,5
64,640,466.80851063829783,2.273076173672384,0.002521798884716433,31.734820497090215,0.0021422060164083866,5
65,650,466.80851063829783,2.4036940064432195,0.002522049954041607,31.74113982464849,0.0021422060164083866,5
66,660,466.80851063829783,2.5344475377835334,0.0025201597612998865,31.693579791840968,0.0021422060164083866,5
67,670,466.80851063829783,2.6654240158033278,0.0025160963104591486,31.591458108831265,0.0021422060164083866,5
68,680,466.80851063829783,2.797081610510937,0.0025125151237921097,31.50159318987584,0.0021422060164083866,5
69,690,466.80851063829783,2.928858201963321,0.0025048317349358274,31.30922108870824,0.0021422060164083866,5
70,700,466.80851063829783,3.061073049376797,0.0024929407251082585,31.012662595023443,0.0021422060164083866,5
71,710,466.80851063829783,3.193964658348295,0.0024807299817653566,30.709598643958753,0.0021422060164083866,5
72,720,466.80851063829783,3.3273241465314123,0.0024684765274788473,30.40697053793339,0.0021422060164083866,5
73,730,466.80851063829783,3.45797686711473,0.002482119234771389,30.744004120311835,0.0021422060164083866,5
74,740,466.80851063829783,3.588234212562628,0.0024922454095484387,30.99536528871713,0.0021422060164083866,5
75,750,466.80851063829783,3.720915533224255,0.0024886773948246924,30.906679997115866,0.0021422060164083866,5
76,760,466.80851063829783,3.853822907506578,0.0024837562017697716,30.784569065649418,0.0021422060164083866,5
77,770,466.80851063829783,3.9855577098980888,0.002480979798071385,30.715784036833266,0.0021422060164083866,5
78,780,466.80851063829783,4.118480903816378,0.0024749689134774835,30.567128755700463,0.0021422060164083866,5
79,790,466.80851063829783,4.256207352845522,0.0024623691777209736,30.25669463211419,0.0021422060164083866,5
80,800,476.73758865248226,4.381798221137092,0.002423336845665213,29.928389745442896,0.002097590002975305,5
81,810,476.73758865248226,4.517759864426423,0.0024169987201686305,29.772041833771688,0.002097590002975305,5
82,820,476.73758865248226,4.649653044779294,0.002410838580366499,29.62047681629032,0.002097590002975305,5
83,830,476.73758865248226,4.777638466646367,0.0024023707434267074,29.412764133308098,0.002097590002975305,5
84,840,476.73758865248226,4.904990077276188,0.0023921305652218295,29.162552939103744,0.002097590002975305,5
85,850,476.73758865248226,5.031508491961912,0.00237936895849791,28.852228469863153,0.002097590002975305,5
86,860,476.73758865248226,5.1573748733165905,0.0023636288929410557,28.47176300255995,0.002097590002975305,5
87,870,476.73758865248226,5.282878253752209,0.00234470756662265,28.01774314776128,0.002097590002975305,5
88,880,476.73758865248226,5.409055535760733,0.0023246460043688166,27.54034878088638,0.002097590002975305,5
89,890,476.73758865248226,5.535906110824562,0.002303686104417758,27.04595898386115,0.002097590002975305,5
90,900,476.73758865248226,5.663296270090099,0.0022814617926694243,26.526636113516894,0.002097590002975305,5
91,910,476.73758865248226,5.791304046108877,0.002258368014582308,25.992329758203006,0.002097590002975305,5
92,920,476.73758865248226,5.919945866304555,0.0022345989728413005,25.448076947489163,0.002097590002975305,5
93,930,476.73758865248226,6.049235068955424,0.0022105339636913613,24.902913706977266,0.002097590002975305,5
94,940,476.73758865248226,6.179130782149558,0.0021869125865362133,24.373540979856937,0.002097590002975305,5
95,950,476.73758865248226,0.026351487747236276,0.002163871693115279,23.862656575388673,0.002097590002975305,5
96,960,476.73758865248226,0.1577514709838346,0.0021379554634488518,23.29448362170235,0.002097590002975305,5
97,970,476.73758865248226,0.28979764605885755,0.0021125066743957533,22.74322035612439,0.002097590002975305,5
98,980,486.66666666666663,0.37988810634366416,0.002066762868614078,22.222314320113032,0.0020547945205479454,5
99,990,486.66666666666663,0.5123867649222961,0.002043882643311084,21.73301083593451,0.0020547945205479454,5
100,1000,496.595744680851,0.6023407974038719,0.002003794333531291,21.315016160712833,0.0020137103684661527,5
101,1010,496.595744680851,0.7344855404904725,0.0019864321698992928,20.94724237362405,0.0020137103684661527,5
102,1020,506.5248226950354,0.8233118092424863,0.0019543463089829434,20.681410897287165,0.0019742369084290116,5
103,1030,516.4539007092199,0.9100646774195691,0.0019258366627134729,20.47608136492866,0.001936281241417193,5
104,1040,516.4539007092199,1.0364959827847158,0.0019187694659169403,20.326075933245146,0.001936281241417193,5
105,1050,526.3829787234042,1.1167855345003557,0.0018943215926856484,20.19229306686487,0.0018997574777687956,5
106,1060,526.3829787234042,1.2376189813326173,0.001888002597374616,20.057804611710328,0.0018997574777687956,5
107,1070,536.3120567375886,1.3130804448900937,0.0018661906325557445,19.966684466614772,0.0018645860883364192,5
108,1080,536.3120567375886,1.4303837532662453,0.0018608175758202123,19.851875523177856,0.0018645860883364192,5
109,1090,536.3120567375886,1.545859338471075,0.0018493789377699258,19.608562600502914,0.0018645860883364192,5
110,1100,536.3120567375886,1.6606339092430393,0.001833984492447963,19.283473385383143,0.0018645860883364192,5
111,1110,546.241134751773,1.7252253740109529,0.0017925306946316943,18.762641824079154,0.0018306933264087253,5
112,1120,546.241134751773,1.8393264842947612,0.0017509924674226492,17.90314550871466,0.0018306933264087253,5
113,1130,546.241134751773,1.955038458781289,0.0017122793250233448,17.120246421825804,0.0018306933264087253,5
114,1140,546.241134751773,2.071331833603031,0.0016808942749404227,16.49839061908053,0.0018306933264087253,5
115,1150,556.1702127659574,2.141675723609796,0.0016326290856404641,15.847441894115546,0.0017980107115531752,5
116,1160,556.1702127659574,2.2630652215388234,0.0015975645936849227,15.174030867525119,0.0017980107115531752,5
117,1170,566.0992907801418,2.3443659830654857,0.0015471671205544932,14.485832193427196,0.0017664745677774994,5
118,1180,585.9574468085106,2.3909858045275643,0.0014916387134106754,13.937014596112123,0.0017066085693536676,5
119,1190,595.886524822695,2.478714567123165,0.0014619995677761686,13.615526419355623,0.0016781718638419424,5
120,1200,615.7446808510638,2.521258851543047,0.0014302676384258825,13.465164940850963,0.001624049758120249,5
121,1210,615.7446808510638,2.627085673539771,0.0014236000336915237,13.33991407659968,0.001624049758120249,5
122,1220,625.6737588652481,2.6918762322627967,0.0014056701275326257,13.215729962450508,0.0015982770346860125,5
123,1230,625.6737588652481,2.791498372895664,0.001398095454775292,13.073683670772114,0.0015982770346860125,5
124,1240,625.6737588652481,2.888583283266791,0.0013882521459907345,12.890240846375532,0.0015982770346860125,5
125,1250,625.6737588652481,2.983610478877759,0.0013757257672769657,12.65866970777945,0.0015982770346860125,5
126,1260,625.6737588652481,3.076139970057207,0.0013590956812978955,12.354477701764575,0.0015982770346860125,5
127,1270,625.6737588652481,3.170083883373621,0.0013429753697675637,12.063141455628838,0.0015982770346860125,5
128,1280,625.6737588652481,3.264667353196459,0.0013264604083849053,11.768277719217917,0.0015982770346860125,5
129,1290,625.6737588652481,3.3597477564188045,0.0013093339555175602,11.46634980022542,0.0015982770346860125,5
130,1300,625.6737588652481,3.4559876802301646,0.001293348704903343,11.18808069395561,0.0015982770346860125,5
131,1310,625.6737588652481,3.5524442482472125,0.0012760735081390258,10.8911994220131,0.0015982770346860125,5
132,1320,625.6737588652481,3.649512840329167,0.0012586874666749449,10.59644383340318,0.0015982770346860125,5
133,1330,635.6028368794326,3.6982507947151424,0.0012325732919129513,10.322567157821556,0.0015733095291229637,5
134,1340,635.6028368794326,3.795478953932597,0.0012173270892399893,10.068778432136469,0.0015733095291229637,5
135,1350,635.6028368794326,3.892889384816442,0.00120522358440889,9.869552334085604,0.0015733095291229637,5
136,1360,645.531914893617,3.9398214979706667,0.0011838118758450073,9.670735106817204,0.0015491100856954516,5
137,1370,645.531914893617,4.036410425745702,0.0011719171745089056,9.4773722819465,0.0015491100856954516,5
138,1380,645.531914893617,4.132694271543196,0.001161200437082644,9.304830879095064,0.0015491100856954516,5
139,1390,655.4609929078014,4.177610775182208,0.001139954101177032,9.105377720779861,0.001525643800043281,5
140,1400,655.4609929078014,4.275246631369918,0.0011262498352145774,8.887768144247918,0.001525643800043281,5
141,1410,665.3900709219857,4.321523080839751,0.0011036098518110095,8.663309651537466,0.001502877851204434,5
